
D:\NTI\NTI-Embedded\SmartHome_Complete_Project\Atmega32Driver\release\SmartHome.elf:     file format elf32-avr

Sections:
Idx Name          Size      VMA       LMA       File off  Algn
  0 .text         000028a2  00000000  00000000  00000094  2**1
                  CONTENTS, ALLOC, LOAD, READONLY, CODE
  1 .data         000000ec  00800060  000028a2  00002936  2**0
                  CONTENTS, ALLOC, LOAD, DATA
  2 .bss          00000104  0080014c  0080014c  00002a22  2**0
                  ALLOC
  3 .comment      0000002f  00000000  00000000  00002a22  2**0
                  CONTENTS, READONLY
  4 .note.gnu.avr.deviceinfo 0000003c  00000000  00000000  00002a54  2**2
                  CONTENTS, READONLY, OCTETS
  5 .debug_info   000004e6  00000000  00000000  00002a90  2**0
                  CONTENTS, READONLY, DEBUGGING, OCTETS
  6 .debug_abbrev 000004a3  00000000  00000000  00002f76  2**0
                  CONTENTS, READONLY, DEBUGGING, OCTETS
  7 .debug_line   0000001d  00000000  00000000  00003419  2**0
                  CONTENTS, READONLY, DEBUGGING, OCTETS
  8 .debug_str    00000196  00000000  00000000  00003436  2**0
                  CONTENTS, READONLY, DEBUGGING, OCTETS

Disassembly of section .text:

00000000 <__vectors>:
       0:	0c 94 2a 00 	jmp	0x54	; 0x54 <__ctors_end>
       4:	0c 94 3c 10 	jmp	0x2078	; 0x2078 <__vector_1>
       8:	0c 94 65 10 	jmp	0x20ca	; 0x20ca <__vector_2>
       c:	0c 94 8e 10 	jmp	0x211c	; 0x211c <__vector_3>
      10:	0c 94 98 12 	jmp	0x2530	; 0x2530 <__vector_4>
      14:	0c 94 c1 12 	jmp	0x2582	; 0x2582 <__vector_5>
      18:	0c 94 47 00 	jmp	0x8e	; 0x8e <__bad_interrupt>
      1c:	0c 94 df 11 	jmp	0x23be	; 0x23be <__vector_7>
      20:	0c 94 08 12 	jmp	0x2410	; 0x2410 <__vector_8>
      24:	0c 94 31 12 	jmp	0x2462	; 0x2462 <__vector_9>
      28:	0c 94 fd 10 	jmp	0x21fa	; 0x21fa <__vector_10>
      2c:	0c 94 26 11 	jmp	0x224c	; 0x224c <__vector_11>
      30:	0c 94 47 00 	jmp	0x8e	; 0x8e <__bad_interrupt>
      34:	0c 94 6c 13 	jmp	0x26d8	; 0x26d8 <__vector_13>
      38:	0c 94 8c 13 	jmp	0x2718	; 0x2718 <__vector_14>
      3c:	0c 94 47 00 	jmp	0x8e	; 0x8e <__bad_interrupt>
      40:	0c 94 f9 0d 	jmp	0x1bf2	; 0x1bf2 <__vector_16>
      44:	0c 94 47 00 	jmp	0x8e	; 0x8e <__bad_interrupt>
      48:	0c 94 47 00 	jmp	0x8e	; 0x8e <__bad_interrupt>
      4c:	0c 94 47 00 	jmp	0x8e	; 0x8e <__bad_interrupt>
      50:	0c 94 47 00 	jmp	0x8e	; 0x8e <__bad_interrupt>

00000054 <__ctors_end>:
      54:	11 24       	eor	r1, r1
      56:	1f be       	out	0x3f, r1	; 63
      58:	cf e5       	ldi	r28, 0x5F	; 95
      5a:	d8 e0       	ldi	r29, 0x08	; 8
      5c:	de bf       	out	0x3e, r29	; 62
      5e:	cd bf       	out	0x3d, r28	; 61

00000060 <__do_copy_data>:
      60:	11 e0       	ldi	r17, 0x01	; 1

00000062 <.Loc.1>:
      62:	a0 e6       	ldi	r26, 0x60	; 96

00000064 <.Loc.2>:
      64:	b0 e0       	ldi	r27, 0x00	; 0

00000066 <.Loc.3>:
      66:	e2 ea       	ldi	r30, 0xA2	; 162

00000068 <.Loc.4>:
      68:	f8 e2       	ldi	r31, 0x28	; 40

0000006a <.Loc.5>:
      6a:	02 c0       	rjmp	.+4      	; 0x70 <.L__do_copy_data_start>

0000006c <.L__do_copy_data_loop>:
      6c:	05 90       	lpm	r0, Z+

0000006e <.Loc.7>:
      6e:	0d 92       	st	X+, r0

00000070 <.L__do_copy_data_start>:
      70:	ac 34       	cpi	r26, 0x4C	; 76

00000072 <.Loc.9>:
      72:	b1 07       	cpc	r27, r17

00000074 <.Loc.10>:
      74:	d9 f7       	brne	.-10     	; 0x6c <.L__do_copy_data_loop>

00000076 <__do_clear_bss>:
      76:	22 e0       	ldi	r18, 0x02	; 2

00000078 <.Loc.1>:
      78:	ac e4       	ldi	r26, 0x4C	; 76

0000007a <.Loc.2>:
      7a:	b1 e0       	ldi	r27, 0x01	; 1

0000007c <.Loc.3>:
      7c:	01 c0       	rjmp	.+2      	; 0x80 <.Loc.5>

0000007e <.Loc.4>:
      7e:	1d 92       	st	X+, r1

00000080 <.Loc.5>:
      80:	a0 35       	cpi	r26, 0x50	; 80

00000082 <.Loc.6>:
      82:	b2 07       	cpc	r27, r18

00000084 <.Loc.7>:
      84:	e1 f7       	brne	.-8      	; 0x7e <.Loc.4>

00000086 <L0^A>:
      86:	0e 94 ae 13 	call	0x275c	; 0x275c <main>
      8a:	0c 94 4f 14 	jmp	0x289e	; 0x289e <_exit>

0000008e <__bad_interrupt>:
      8e:	0c 94 00 00 	jmp	0	; 0x0 <__vectors>

00000092 <ALARM_vidEmergencyButtonISR>:
      92:	0e 94 07 08 	call	0x100e	; 0x100e <CFG_GetAlarmEnable>
      96:	81 30       	cpi	r24, 0x01	; 1
      98:	91 05       	cpc	r25, r1
      9a:	21 f0       	breq	.+8      	; 0xa4 <.L4>
      9c:	86 e0       	ldi	r24, 0x06	; 6
      9e:	90 e0       	ldi	r25, 0x00	; 0
      a0:	0c 94 ce 01 	jmp	0x39c	; 0x39c <LOG_Event>

000000a4 <.L4>:
      a4:	80 93 4c 01 	sts	0x014C, r24	; 0x80014c <ALARM_CurrentState>
      a8:	90 93 4d 01 	sts	0x014D, r25	; 0x80014d <ALARM_CurrentState+0x1>
      ac:	65 e0       	ldi	r22, 0x05	; 5
      ae:	80 e0       	ldi	r24, 0x00	; 0
      b0:	0e 94 69 08 	call	0x10d2	; 0x10d2 <Buzzer_On>
      b4:	86 e0       	ldi	r24, 0x06	; 6
      b6:	90 e0       	ldi	r25, 0x00	; 0
      b8:	0c 94 ce 01 	jmp	0x39c	; 0x39c <LOG_Event>

000000bc <ALARM_Init>:
      bc:	65 e0       	ldi	r22, 0x05	; 5
      be:	80 e0       	ldi	r24, 0x00	; 0
      c0:	0e 94 56 08 	call	0x10ac	; 0x10ac <Buzzer_Init>
      c4:	62 e0       	ldi	r22, 0x02	; 2
      c6:	80 e0       	ldi	r24, 0x00	; 0
      c8:	0e 94 b3 0f 	call	0x1f66	; 0x1f66 <EXTI_Init>
      cc:	69 e4       	ldi	r22, 0x49	; 73
      ce:	70 e0       	ldi	r23, 0x00	; 0
      d0:	80 e0       	ldi	r24, 0x00	; 0
      d2:	0c 94 27 10 	jmp	0x204e	; 0x204e <EXTI_SetCallBack>

000000d6 <ALARM_Trigger>:
      d6:	cf 93       	push	r28
      d8:	df 93       	push	r29
      da:	ec 01       	movw	r28, r24
      dc:	0e 94 07 08 	call	0x100e	; 0x100e <CFG_GetAlarmEnable>
      e0:	81 30       	cpi	r24, 0x01	; 1
      e2:	91 05       	cpc	r25, r1
      e4:	79 f0       	breq	.+30     	; 0x104 <.L11>

000000e6 <.L7>:
      e6:	c1 30       	cpi	r28, 0x01	; 1
      e8:	d1 05       	cpc	r29, r1
      ea:	30 f0       	brcs	.+12     	; 0xf8 <.L12>
      ec:	d1 f0       	breq	.+52     	; 0x122 <.L13>
      ee:	22 97       	sbiw	r28, 0x02	; 2
      f0:	91 f0       	breq	.+36     	; 0x116 <.L14>
      f2:	df 91       	pop	r29
      f4:	cf 91       	pop	r28
      f6:	08 95       	ret

000000f8 <.L12>:
      f8:	85 e0       	ldi	r24, 0x05	; 5
      fa:	90 e0       	ldi	r25, 0x00	; 0
      fc:	df 91       	pop	r29
      fe:	cf 91       	pop	r28
     100:	0c 94 ce 01 	jmp	0x39c	; 0x39c <LOG_Event>

00000104 <.L11>:
     104:	80 93 4c 01 	sts	0x014C, r24	; 0x80014c <ALARM_CurrentState>
     108:	90 93 4d 01 	sts	0x014D, r25	; 0x80014d <ALARM_CurrentState+0x1>
     10c:	65 e0       	ldi	r22, 0x05	; 5
     10e:	80 e0       	ldi	r24, 0x00	; 0
     110:	0e 94 69 08 	call	0x10d2	; 0x10d2 <Buzzer_On>
     114:	e8 cf       	rjmp	.-48     	; 0xe6 <.L7>

00000116 <.L14>:
     116:	87 e0       	ldi	r24, 0x07	; 7
     118:	90 e0       	ldi	r25, 0x00	; 0
     11a:	df 91       	pop	r29
     11c:	cf 91       	pop	r28
     11e:	0c 94 ce 01 	jmp	0x39c	; 0x39c <LOG_Event>

00000122 <.L13>:
     122:	86 e0       	ldi	r24, 0x06	; 6
     124:	90 e0       	ldi	r25, 0x00	; 0
     126:	df 91       	pop	r29
     128:	cf 91       	pop	r28
     12a:	0c 94 ce 01 	jmp	0x39c	; 0x39c <LOG_Event>

0000012e <ALARM_Clear>:
     12e:	10 92 4c 01 	sts	0x014C, r1	; 0x80014c <ALARM_CurrentState>
     132:	10 92 4d 01 	sts	0x014D, r1	; 0x80014d <ALARM_CurrentState+0x1>
     136:	65 e0       	ldi	r22, 0x05	; 5
     138:	80 e0       	ldi	r24, 0x00	; 0
     13a:	0e 94 6c 08 	call	0x10d8	; 0x10d8 <Buzzer_Off>
     13e:	88 e0       	ldi	r24, 0x08	; 8
     140:	90 e0       	ldi	r25, 0x00	; 0
     142:	0c 94 ce 01 	jmp	0x39c	; 0x39c <LOG_Event>

00000146 <ALARM_IsActive>:
     146:	81 e0       	ldi	r24, 0x01	; 1
     148:	20 91 4c 01 	lds	r18, 0x014C	; 0x80014c <ALARM_CurrentState>
     14c:	30 91 4d 01 	lds	r19, 0x014D	; 0x80014d <ALARM_CurrentState+0x1>
     150:	21 30       	cpi	r18, 0x01	; 1
     152:	31 05       	cpc	r19, r1
     154:	09 f0       	breq	.+2      	; 0x158 <.L17>
     156:	80 e0       	ldi	r24, 0x00	; 0

00000158 <.L17>:
     158:	08 95       	ret

0000015a <ALARM_CheckFireCondition>:
     15a:	80 e0       	ldi	r24, 0x00	; 0
     15c:	0e 94 4b 0d 	call	0x1a96	; 0x1a96 <LM35_GetTemperature>
     160:	82 33       	cpi	r24, 0x32	; 50
     162:	30 f0       	brcs	.+12     	; 0x170 <.L21>
     164:	80 91 4c 01 	lds	r24, 0x014C	; 0x80014c <ALARM_CurrentState>
     168:	90 91 4d 01 	lds	r25, 0x014D	; 0x80014d <ALARM_CurrentState+0x1>
     16c:	01 97       	sbiw	r24, 0x01	; 1
     16e:	09 f4       	brne	.+2      	; 0x172 <.L27>

00000170 <.L21>:
     170:	08 95       	ret

00000172 <.L27>:
     172:	0e 94 07 08 	call	0x100e	; 0x100e <CFG_GetAlarmEnable>
     176:	81 30       	cpi	r24, 0x01	; 1
     178:	91 05       	cpc	r25, r1
     17a:	21 f0       	breq	.+8      	; 0x184 <.L28>

0000017c <.L23>:
     17c:	85 e0       	ldi	r24, 0x05	; 5
     17e:	90 e0       	ldi	r25, 0x00	; 0
     180:	0c 94 ce 01 	jmp	0x39c	; 0x39c <LOG_Event>

00000184 <.L28>:
     184:	80 93 4c 01 	sts	0x014C, r24	; 0x80014c <ALARM_CurrentState>
     188:	90 93 4d 01 	sts	0x014D, r25	; 0x80014d <ALARM_CurrentState+0x1>
     18c:	65 e0       	ldi	r22, 0x05	; 5
     18e:	80 e0       	ldi	r24, 0x00	; 0
     190:	0e 94 69 08 	call	0x10d2	; 0x10d2 <Buzzer_On>
     194:	f3 cf       	rjmp	.-26     	; 0x17c <.L23>

00000196 <AUTH_Init>:
     196:	cf 93       	push	r28
     198:	df 93       	push	r29
     19a:	0f 92       	push	r0
     19c:	cd b7       	in	r28, 0x3d	; 61
     19e:	de b7       	in	r29, 0x3e	; 62
     1a0:	19 82       	std	Y+1, r1	; 0x01
     1a2:	be 01       	movw	r22, r28
     1a4:	6f 5f       	subi	r22, 0xFF	; 255
     1a6:	7f 4f       	sbci	r23, 0xFF	; 255
     1a8:	80 e0       	ldi	r24, 0x00	; 0
     1aa:	90 e0       	ldi	r25, 0x00	; 0
     1ac:	0e 94 59 0f 	call	0x1eb2	; 0x1eb2 <EEPROM_ReadByte>
     1b0:	89 81       	ldd	r24, Y+1	; 0x01
     1b2:	8f 3f       	cpi	r24, 0xFF	; 255
     1b4:	31 f0       	breq	.+12     	; 0x1c2 <.L4>
     1b6:	10 92 4e 01 	sts	0x014E, r1	; 0x80014e <AUTH_u8FailedAttempts>
     1ba:	0f 90       	pop	r0
     1bc:	df 91       	pop	r29
     1be:	cf 91       	pop	r28
     1c0:	08 95       	ret

000001c2 <.L4>:
     1c2:	44 e0       	ldi	r20, 0x04	; 4
     1c4:	50 e0       	ldi	r21, 0x00	; 0
     1c6:	61 e6       	ldi	r22, 0x61	; 97
     1c8:	70 e0       	ldi	r23, 0x00	; 0
     1ca:	80 e0       	ldi	r24, 0x00	; 0
     1cc:	90 e0       	ldi	r25, 0x00	; 0
     1ce:	0e 94 68 0f 	call	0x1ed0	; 0x1ed0 <EEPROM_WriteBlock>
     1d2:	10 92 4e 01 	sts	0x014E, r1	; 0x80014e <AUTH_u8FailedAttempts>
     1d6:	0f 90       	pop	r0
     1d8:	df 91       	pop	r29
     1da:	cf 91       	pop	r28
     1dc:	08 95       	ret

000001de <AUTH_VerifyPassword>:
     1de:	0f 93       	push	r16
     1e0:	1f 93       	push	r17
     1e2:	cf 93       	push	r28
     1e4:	df 93       	push	r29
     1e6:	00 d0       	rcall	.+0      	; 0x1e8 <L0^A>

000001e8 <L0^A>:
     1e8:	00 d0       	rcall	.+0      	; 0x1ea <L0^A>

000001ea <L0^A>:
     1ea:	cd b7       	in	r28, 0x3d	; 61
     1ec:	de b7       	in	r29, 0x3e	; 62
     1ee:	8c 01       	movw	r16, r24
     1f0:	19 82       	std	Y+1, r1	; 0x01
     1f2:	1a 82       	std	Y+2, r1	; 0x02
     1f4:	1b 82       	std	Y+3, r1	; 0x03
     1f6:	1c 82       	std	Y+4, r1	; 0x04
     1f8:	89 2b       	or	r24, r25
     1fa:	61 f1       	breq	.+88     	; 0x254 <.L12>
     1fc:	80 91 4e 01 	lds	r24, 0x014E	; 0x80014e <AUTH_u8FailedAttempts>
     200:	83 30       	cpi	r24, 0x03	; 3
     202:	98 f5       	brcc	.+102    	; 0x26a <.L8>
     204:	44 e0       	ldi	r20, 0x04	; 4
     206:	50 e0       	ldi	r21, 0x00	; 0
     208:	be 01       	movw	r22, r28
     20a:	6f 5f       	subi	r22, 0xFF	; 255
     20c:	7f 4f       	sbci	r23, 0xFF	; 255
     20e:	80 e0       	ldi	r24, 0x00	; 0
     210:	90 e0       	ldi	r25, 0x00	; 0
     212:	0e 94 90 0f 	call	0x1f20	; 0x1f20 <EEPROM_ReadBlock>
     216:	fe 01       	movw	r30, r28
     218:	31 96       	adiw	r30, 0x01	; 1
     21a:	d8 01       	movw	r26, r16
     21c:	ae 01       	movw	r20, r28
     21e:	4b 5f       	subi	r20, 0xFB	; 251
     220:	5f 4f       	sbci	r21, 0xFF	; 255
     222:	91 e0       	ldi	r25, 0x01	; 1

00000224 <.L10>:
     224:	31 91       	ld	r19, Z+
     226:	2d 91       	ld	r18, X+
     228:	81 e0       	ldi	r24, 0x01	; 1
     22a:	32 13       	cpse	r19, r18
     22c:	80 e0       	ldi	r24, 0x00	; 0
     22e:	98 23       	and	r25, r24
     230:	e4 17       	cp	r30, r20
     232:	f5 07       	cpc	r31, r21
     234:	b9 f7       	brne	.-18     	; 0x224 <.L10>
     236:	91 30       	cpi	r25, 0x01	; 1
     238:	19 f1       	breq	.+70     	; 0x280 <.L14>
     23a:	80 91 4e 01 	lds	r24, 0x014E	; 0x80014e <AUTH_u8FailedAttempts>
     23e:	8f 5f       	subi	r24, 0xFF	; 255
     240:	80 93 4e 01 	sts	0x014E, r24	; 0x80014e <AUTH_u8FailedAttempts>
     244:	82 e0       	ldi	r24, 0x02	; 2
     246:	90 e0       	ldi	r25, 0x00	; 0
     248:	0e 94 ce 01 	call	0x39c	; 0x39c <LOG_Event>
     24c:	80 91 4e 01 	lds	r24, 0x014E	; 0x80014e <AUTH_u8FailedAttempts>
     250:	83 30       	cpi	r24, 0x03	; 3
     252:	18 f4       	brcc	.+6      	; 0x25a <.L15>

00000254 <.L12>:
     254:	81 e0       	ldi	r24, 0x01	; 1
     256:	90 e0       	ldi	r25, 0x00	; 0
     258:	0a c0       	rjmp	.+20     	; 0x26e <.L5>

0000025a <.L15>:
     25a:	82 e0       	ldi	r24, 0x02	; 2
     25c:	90 e0       	ldi	r25, 0x00	; 0
     25e:	0e 94 6b 00 	call	0xd6	; 0xd6 <ALARM_Trigger>
     262:	83 e0       	ldi	r24, 0x03	; 3
     264:	90 e0       	ldi	r25, 0x00	; 0
     266:	0e 94 ce 01 	call	0x39c	; 0x39c <LOG_Event>

0000026a <.L8>:
     26a:	82 e0       	ldi	r24, 0x02	; 2
     26c:	90 e0       	ldi	r25, 0x00	; 0

0000026e <.L5>:
     26e:	0f 90       	pop	r0
     270:	0f 90       	pop	r0
     272:	0f 90       	pop	r0
     274:	0f 90       	pop	r0
     276:	df 91       	pop	r29
     278:	cf 91       	pop	r28
     27a:	1f 91       	pop	r17
     27c:	0f 91       	pop	r16
     27e:	08 95       	ret

00000280 <.L14>:
     280:	10 92 4e 01 	sts	0x014E, r1	; 0x80014e <AUTH_u8FailedAttempts>
     284:	81 e0       	ldi	r24, 0x01	; 1
     286:	90 e0       	ldi	r25, 0x00	; 0
     288:	0e 94 ce 01 	call	0x39c	; 0x39c <LOG_Event>
     28c:	80 e0       	ldi	r24, 0x00	; 0
     28e:	90 e0       	ldi	r25, 0x00	; 0
     290:	ee cf       	rjmp	.-36     	; 0x26e <.L5>

00000292 <AUTH_ChangePassword>:
     292:	00 97       	sbiw	r24, 0x00	; 0
     294:	21 f0       	breq	.+8      	; 0x29e <.L16>
     296:	20 91 4e 01 	lds	r18, 0x014E	; 0x80014e <AUTH_u8FailedAttempts>
     29a:	23 30       	cpi	r18, 0x03	; 3
     29c:	08 f0       	brcs	.+2      	; 0x2a0 <.L21>

0000029e <.L16>:
     29e:	08 95       	ret

000002a0 <.L21>:
     2a0:	44 e0       	ldi	r20, 0x04	; 4
     2a2:	50 e0       	ldi	r21, 0x00	; 0
     2a4:	bc 01       	movw	r22, r24
     2a6:	80 e0       	ldi	r24, 0x00	; 0
     2a8:	90 e0       	ldi	r25, 0x00	; 0
     2aa:	0e 94 68 0f 	call	0x1ed0	; 0x1ed0 <EEPROM_WriteBlock>
     2ae:	84 e0       	ldi	r24, 0x04	; 4
     2b0:	90 e0       	ldi	r25, 0x00	; 0
     2b2:	0c 94 ce 01 	jmp	0x39c	; 0x39c <LOG_Event>

000002b6 <AUTH_GetFailedAttempts>:
     2b6:	80 91 4e 01 	lds	r24, 0x014E	; 0x80014e <AUTH_u8FailedAttempts>
     2ba:	08 95       	ret

000002bc <AUTH_ResetAttempts>:
     2bc:	10 92 4e 01 	sts	0x014E, r1	; 0x80014e <AUTH_u8FailedAttempts>
     2c0:	08 95       	ret

000002c2 <AUTH_IsLockedOut>:
     2c2:	81 e0       	ldi	r24, 0x01	; 1
     2c4:	90 91 4e 01 	lds	r25, 0x014E	; 0x80014e <AUTH_u8FailedAttempts>
     2c8:	93 30       	cpi	r25, 0x03	; 3
     2ca:	08 f4       	brcc	.+2      	; 0x2ce <.L25>
     2cc:	80 e0       	ldi	r24, 0x00	; 0

000002ce <.L25>:
     2ce:	08 95       	ret

000002d0 <LOG_vidU8ToString>:
     2d0:	cf 93       	push	r28
     2d2:	df 93       	push	r29
     2d4:	00 d0       	rcall	.+0      	; 0x2d6 <L0^A>

000002d6 <L0^A>:
     2d6:	0f 92       	push	r0
     2d8:	cd b7       	in	r28, 0x3d	; 61
     2da:	de b7       	in	r29, 0x3e	; 62
     2dc:	81 11       	cpse	r24, r1
     2de:	1c c0       	rjmp	.+56     	; 0x318 <.L6>
     2e0:	19 82       	std	Y+1, r1	; 0x01
     2e2:	e0 e0       	ldi	r30, 0x00	; 0
     2e4:	f0 e0       	ldi	r31, 0x00	; 0
     2e6:	41 e0       	ldi	r20, 0x01	; 1
     2e8:	50 e0       	ldi	r21, 0x00	; 0
     2ea:	31 e0       	ldi	r19, 0x01	; 1

000002ec <.L3>:
     2ec:	ce 01       	movw	r24, r28
     2ee:	02 96       	adiw	r24, 0x02	; 2
     2f0:	e8 0f       	add	r30, r24
     2f2:	f9 1f       	adc	r31, r25
     2f4:	db 01       	movw	r26, r22
     2f6:	90 e0       	ldi	r25, 0x00	; 0

000002f8 <.L5>:
     2f8:	82 91       	ld	r24, -Z
     2fa:	80 5d       	subi	r24, 0xD0	; 208
     2fc:	8d 93       	st	X+, r24
     2fe:	9f 5f       	subi	r25, 0xFF	; 255
     300:	93 17       	cp	r25, r19
     302:	d0 f3       	brcs	.-12     	; 0x2f8 <.L5>

00000304 <.L4>:
     304:	64 0f       	add	r22, r20
     306:	75 1f       	adc	r23, r21
     308:	fb 01       	movw	r30, r22
     30a:	10 82       	st	Z, r1
     30c:	0f 90       	pop	r0
     30e:	0f 90       	pop	r0
     310:	0f 90       	pop	r0
     312:	df 91       	pop	r29
     314:	cf 91       	pop	r28
     316:	08 95       	ret

00000318 <.L6>:
     318:	30 e0       	ldi	r19, 0x00	; 0
     31a:	4d ec       	ldi	r20, 0xCD	; 205

0000031c <.L2>:
     31c:	fe 01       	movw	r30, r28
     31e:	31 96       	adiw	r30, 0x01	; 1
     320:	e3 0f       	add	r30, r19
     322:	f1 1d       	adc	r31, r1
     324:	84 9f       	mul	r24, r20
     326:	91 2d       	mov	r25, r1
     328:	11 24       	eor	r1, r1
     32a:	96 95       	lsr	r25
     32c:	96 95       	lsr	r25
     32e:	96 95       	lsr	r25
     330:	29 2f       	mov	r18, r25
     332:	22 0f       	add	r18, r18
     334:	22 0f       	add	r18, r18
     336:	29 0f       	add	r18, r25
     338:	22 0f       	add	r18, r18
     33a:	58 2f       	mov	r21, r24
     33c:	52 1b       	sub	r21, r18
     33e:	50 83       	st	Z, r21
     340:	28 2f       	mov	r18, r24
     342:	89 2f       	mov	r24, r25
     344:	3f 5f       	subi	r19, 0xFF	; 255
     346:	2a 30       	cpi	r18, 0x0A	; 10
     348:	48 f7       	brcc	.-46     	; 0x31c <.L2>
     34a:	40 e0       	ldi	r20, 0x00	; 0
     34c:	50 e0       	ldi	r21, 0x00	; 0
     34e:	31 15       	cp	r19, r1
     350:	c9 f2       	breq	.-78     	; 0x304 <.L4>
     352:	43 2f       	mov	r20, r19
     354:	50 e0       	ldi	r21, 0x00	; 0
     356:	fa 01       	movw	r30, r20
     358:	31 97       	sbiw	r30, 0x01	; 1
     35a:	c8 cf       	rjmp	.-112    	; 0x2ec <.L3>

0000035c <LOG_Init>:
     35c:	cf 93       	push	r28
     35e:	df 93       	push	r29
     360:	0f 92       	push	r0
     362:	cd b7       	in	r28, 0x3d	; 61
     364:	de b7       	in	r29, 0x3e	; 62
     366:	be 01       	movw	r22, r28
     368:	6f 5f       	subi	r22, 0xFF	; 255
     36a:	7f 4f       	sbci	r23, 0xFF	; 255
     36c:	80 e9       	ldi	r24, 0x90	; 144
     36e:	90 e0       	ldi	r25, 0x00	; 0
     370:	0e 94 59 0f 	call	0x1eb2	; 0x1eb2 <EEPROM_ReadByte>
     374:	89 81       	ldd	r24, Y+1	; 0x01
     376:	80 32       	cpi	r24, 0x20	; 32
     378:	30 f4       	brcc	.+12     	; 0x386 <.L14>
     37a:	80 93 50 01 	sts	0x0150, r24	; 0x800150 <LOG_u8WriteIndex>
     37e:	0f 90       	pop	r0
     380:	df 91       	pop	r29
     382:	cf 91       	pop	r28
     384:	08 95       	ret

00000386 <.L14>:
     386:	10 92 50 01 	sts	0x0150, r1	; 0x800150 <LOG_u8WriteIndex>
     38a:	60 e0       	ldi	r22, 0x00	; 0
     38c:	80 e9       	ldi	r24, 0x90	; 144
     38e:	90 e0       	ldi	r25, 0x00	; 0
     390:	0e 94 49 0f 	call	0x1e92	; 0x1e92 <EEPROM_WriteByte>
     394:	0f 90       	pop	r0
     396:	df 91       	pop	r29
     398:	cf 91       	pop	r28
     39a:	08 95       	ret

0000039c <LOG_Event>:
     39c:	cf 93       	push	r28
     39e:	df 93       	push	r29
     3a0:	c0 91 50 01 	lds	r28, 0x0150	; 0x800150 <LOG_u8WriteIndex>
     3a4:	d0 e0       	ldi	r29, 0x00	; 0
     3a6:	a8 96       	adiw	r28, 0x28	; 40
     3a8:	cc 0f       	add	r28, r28
     3aa:	dd 1f       	adc	r29, r29
     3ac:	68 2f       	mov	r22, r24
     3ae:	ce 01       	movw	r24, r28
     3b0:	0e 94 49 0f 	call	0x1e92	; 0x1e92 <EEPROM_WriteByte>
     3b4:	60 91 4f 01 	lds	r22, 0x014F	; 0x80014f <LOG_u8SequenceCtr>
     3b8:	ce 01       	movw	r24, r28
     3ba:	01 96       	adiw	r24, 0x01	; 1
     3bc:	0e 94 49 0f 	call	0x1e92	; 0x1e92 <EEPROM_WriteByte>
     3c0:	80 91 4f 01 	lds	r24, 0x014F	; 0x80014f <LOG_u8SequenceCtr>
     3c4:	8f 5f       	subi	r24, 0xFF	; 255
     3c6:	80 93 4f 01 	sts	0x014F, r24	; 0x80014f <LOG_u8SequenceCtr>
     3ca:	60 91 50 01 	lds	r22, 0x0150	; 0x800150 <LOG_u8WriteIndex>
     3ce:	6f 5f       	subi	r22, 0xFF	; 255
     3d0:	6f 71       	andi	r22, 0x1F	; 31
     3d2:	60 93 50 01 	sts	0x0150, r22	; 0x800150 <LOG_u8WriteIndex>
     3d6:	80 e9       	ldi	r24, 0x90	; 144
     3d8:	90 e0       	ldi	r25, 0x00	; 0
     3da:	df 91       	pop	r29
     3dc:	cf 91       	pop	r28
     3de:	0c 94 49 0f 	jmp	0x1e92	; 0x1e92 <EEPROM_WriteByte>

000003e2 <LOG_DumpToUART>:
     3e2:	0f 93       	push	r16
     3e4:	1f 93       	push	r17
     3e6:	cf 93       	push	r28
     3e8:	df 93       	push	r29
     3ea:	00 d0       	rcall	.+0      	; 0x3ec <L0^A>

000003ec <L0^A>:
     3ec:	00 d0       	rcall	.+0      	; 0x3ee <L0^A>

000003ee <L0^A>:
     3ee:	00 d0       	rcall	.+0      	; 0x3f0 <L0^A>

000003f0 <L0^A>:
     3f0:	cd b7       	in	r28, 0x3d	; 61
     3f2:	de b7       	in	r29, 0x3e	; 62
     3f4:	00 e5       	ldi	r16, 0x50	; 80
     3f6:	10 e0       	ldi	r17, 0x00	; 0

000003f8 <.L18>:
     3f8:	be 01       	movw	r22, r28
     3fa:	6a 5f       	subi	r22, 0xFA	; 250
     3fc:	7f 4f       	sbci	r23, 0xFF	; 255
     3fe:	c8 01       	movw	r24, r16
     400:	0e 94 59 0f 	call	0x1eb2	; 0x1eb2 <EEPROM_ReadByte>
     404:	8e 81       	ldd	r24, Y+6	; 0x06
     406:	8f 3f       	cpi	r24, 0xFF	; 255
     408:	39 f1       	breq	.+78     	; 0x458 <.L17>
     40a:	be 01       	movw	r22, r28
     40c:	6b 5f       	subi	r22, 0xFB	; 251
     40e:	7f 4f       	sbci	r23, 0xFF	; 255
     410:	c8 01       	movw	r24, r16
     412:	01 96       	adiw	r24, 0x01	; 1
     414:	0e 94 59 0f 	call	0x1eb2	; 0x1eb2 <EEPROM_ReadByte>
     418:	8f e8       	ldi	r24, 0x8F	; 143
     41a:	90 e0       	ldi	r25, 0x00	; 0
     41c:	0e 94 31 13 	call	0x2662	; 0x2662 <UART_SendString>
     420:	be 01       	movw	r22, r28
     422:	6f 5f       	subi	r22, 0xFF	; 255
     424:	7f 4f       	sbci	r23, 0xFF	; 255
     426:	8e 81       	ldd	r24, Y+6	; 0x06
     428:	0e 94 68 01 	call	0x2d0	; 0x2d0 <LOG_vidU8ToString>
     42c:	ce 01       	movw	r24, r28
     42e:	01 96       	adiw	r24, 0x01	; 1
     430:	0e 94 31 13 	call	0x2662	; 0x2662 <UART_SendString>
     434:	84 e9       	ldi	r24, 0x94	; 148
     436:	90 e0       	ldi	r25, 0x00	; 0
     438:	0e 94 31 13 	call	0x2662	; 0x2662 <UART_SendString>
     43c:	be 01       	movw	r22, r28
     43e:	6f 5f       	subi	r22, 0xFF	; 255
     440:	7f 4f       	sbci	r23, 0xFF	; 255
     442:	8d 81       	ldd	r24, Y+5	; 0x05
     444:	0e 94 68 01 	call	0x2d0	; 0x2d0 <LOG_vidU8ToString>
     448:	ce 01       	movw	r24, r28
     44a:	01 96       	adiw	r24, 0x01	; 1
     44c:	0e 94 31 13 	call	0x2662	; 0x2662 <UART_SendString>
     450:	8a e9       	ldi	r24, 0x9A	; 154
     452:	90 e0       	ldi	r25, 0x00	; 0
     454:	0e 94 31 13 	call	0x2662	; 0x2662 <UART_SendString>

00000458 <.L17>:
     458:	0e 5f       	subi	r16, 0xFE	; 254
     45a:	1f 4f       	sbci	r17, 0xFF	; 255
     45c:	00 39       	cpi	r16, 0x90	; 144
     45e:	11 05       	cpc	r17, r1
     460:	59 f6       	brne	.-106    	; 0x3f8 <.L18>
     462:	0f 90       	pop	r0
     464:	0f 90       	pop	r0
     466:	0f 90       	pop	r0
     468:	0f 90       	pop	r0
     46a:	0f 90       	pop	r0
     46c:	0f 90       	pop	r0
     46e:	df 91       	pop	r29
     470:	cf 91       	pop	r28
     472:	1f 91       	pop	r17
     474:	0f 91       	pop	r16
     476:	08 95       	ret

00000478 <ModeCtrl_Init>:
     478:	62 e0       	ldi	r22, 0x02	; 2
     47a:	80 e0       	ldi	r24, 0x00	; 0
     47c:	0e 94 36 0d 	call	0x1a6c	; 0x1a6c <Led_Init>
     480:	63 e0       	ldi	r22, 0x03	; 3
     482:	80 e0       	ldi	r24, 0x00	; 0
     484:	0e 94 69 0d 	call	0x1ad2	; 0x1ad2 <Relay_Init>
     488:	64 e0       	ldi	r22, 0x04	; 4
     48a:	80 e0       	ldi	r24, 0x00	; 0
     48c:	0e 94 69 0d 	call	0x1ad2	; 0x1ad2 <Relay_Init>
     490:	41 e0       	ldi	r20, 0x01	; 1
     492:	62 e0       	ldi	r22, 0x02	; 2
     494:	80 e0       	ldi	r24, 0x00	; 0
     496:	0e 94 3f 0d 	call	0x1a7e	; 0x1a7e <Led_Off>
     49a:	80 91 51 01 	lds	r24, 0x0151	; 0x800151 <ModeCtrl_u8DeviceStatus>
     49e:	8e 7f       	andi	r24, 0xFE	; 254
     4a0:	80 93 51 01 	sts	0x0151, r24	; 0x800151 <ModeCtrl_u8DeviceStatus>
     4a4:	40 e0       	ldi	r20, 0x00	; 0
     4a6:	63 e0       	ldi	r22, 0x03	; 3
     4a8:	80 e0       	ldi	r24, 0x00	; 0
     4aa:	0e 94 82 0d 	call	0x1b04	; 0x1b04 <Relay_Off>
     4ae:	80 91 51 01 	lds	r24, 0x0151	; 0x800151 <ModeCtrl_u8DeviceStatus>
     4b2:	8d 7f       	andi	r24, 0xFD	; 253
     4b4:	80 93 51 01 	sts	0x0151, r24	; 0x800151 <ModeCtrl_u8DeviceStatus>
     4b8:	40 e0       	ldi	r20, 0x00	; 0
     4ba:	64 e0       	ldi	r22, 0x04	; 4
     4bc:	80 e0       	ldi	r24, 0x00	; 0
     4be:	0e 94 82 0d 	call	0x1b04	; 0x1b04 <Relay_Off>
     4c2:	80 91 51 01 	lds	r24, 0x0151	; 0x800151 <ModeCtrl_u8DeviceStatus>
     4c6:	8b 7f       	andi	r24, 0xFB	; 251
     4c8:	80 93 51 01 	sts	0x0151, r24	; 0x800151 <ModeCtrl_u8DeviceStatus>
     4cc:	08 95       	ret

000004ce <ModeCtrl_ManualSetDevice>:
     4ce:	cf 93       	push	r28
     4d0:	df 93       	push	r29
     4d2:	00 d0       	rcall	.+0      	; 0x4d4 <L0^A>

000004d4 <L0^A>:
     4d4:	00 d0       	rcall	.+0      	; 0x4d6 <L0^A>

000004d6 <L0^A>:
     4d6:	cd b7       	in	r28, 0x3d	; 61
     4d8:	de b7       	in	r29, 0x3e	; 62
     4da:	8b 83       	std	Y+3, r24	; 0x03
     4dc:	9c 83       	std	Y+4, r25	; 0x04
     4de:	69 83       	std	Y+1, r22	; 0x01
     4e0:	7a 83       	std	Y+2, r23	; 0x02
     4e2:	0e 94 15 08 	call	0x102a	; 0x102a <CFG_GetSystemMode>
     4e6:	89 2b       	or	r24, r25
     4e8:	89 f4       	brne	.+34     	; 0x50c <.L3>
     4ea:	8b 81       	ldd	r24, Y+3	; 0x03
     4ec:	9c 81       	ldd	r25, Y+4	; 0x04
     4ee:	89 2b       	or	r24, r25
     4f0:	a1 f0       	breq	.+40     	; 0x51a <.L13>
     4f2:	8b 81       	ldd	r24, Y+3	; 0x03
     4f4:	9c 81       	ldd	r25, Y+4	; 0x04
     4f6:	01 97       	sbiw	r24, 0x01	; 1
     4f8:	a1 f1       	breq	.+104    	; 0x562 <.L14>
     4fa:	8b 81       	ldd	r24, Y+3	; 0x03
     4fc:	9c 81       	ldd	r25, Y+4	; 0x04
     4fe:	02 97       	sbiw	r24, 0x02	; 2
     500:	09 f4       	brne	.+2      	; 0x504 <L0^A+0x2>

00000502 <L0^A>:
     502:	47 c0       	rjmp	.+142    	; 0x592 <.L15>
     504:	8b 81       	ldd	r24, Y+3	; 0x03
     506:	9c 81       	ldd	r25, Y+4	; 0x04
     508:	03 97       	sbiw	r24, 0x03	; 3
     50a:	e1 f0       	breq	.+56     	; 0x544 <.L16>

0000050c <.L3>:
     50c:	0f 90       	pop	r0
     50e:	0f 90       	pop	r0
     510:	0f 90       	pop	r0
     512:	0f 90       	pop	r0
     514:	df 91       	pop	r29
     516:	cf 91       	pop	r28
     518:	08 95       	ret

0000051a <.L13>:
     51a:	89 81       	ldd	r24, Y+1	; 0x01
     51c:	9a 81       	ldd	r25, Y+2	; 0x02
     51e:	41 e0       	ldi	r20, 0x01	; 1
     520:	62 e0       	ldi	r22, 0x02	; 2
     522:	01 97       	sbiw	r24, 0x01	; 1
     524:	69 f1       	breq	.+90     	; 0x580 <.L17>
     526:	80 e0       	ldi	r24, 0x00	; 0
     528:	0e 94 3f 0d 	call	0x1a7e	; 0x1a7e <Led_Off>
     52c:	80 91 51 01 	lds	r24, 0x0151	; 0x800151 <ModeCtrl_u8DeviceStatus>
     530:	8e 7f       	andi	r24, 0xFE	; 254
     532:	80 93 51 01 	sts	0x0151, r24	; 0x800151 <ModeCtrl_u8DeviceStatus>
     536:	0f 90       	pop	r0
     538:	0f 90       	pop	r0
     53a:	0f 90       	pop	r0
     53c:	0f 90       	pop	r0
     53e:	df 91       	pop	r29
     540:	cf 91       	pop	r28
     542:	08 95       	ret

00000544 <.L16>:
     544:	89 81       	ldd	r24, Y+1	; 0x01
     546:	9a 81       	ldd	r25, Y+2	; 0x02
     548:	81 30       	cpi	r24, 0x01	; 1
     54a:	91 05       	cpc	r25, r1
     54c:	11 f0       	breq	.+4      	; 0x552 <.L12>
     54e:	80 e0       	ldi	r24, 0x00	; 0
     550:	90 e0       	ldi	r25, 0x00	; 0

00000552 <.L12>:
     552:	0f 90       	pop	r0
     554:	0f 90       	pop	r0
     556:	0f 90       	pop	r0
     558:	0f 90       	pop	r0
     55a:	df 91       	pop	r29
     55c:	cf 91       	pop	r28
     55e:	0c 94 fe 07 	jmp	0xffc	; 0xffc <CFG_SetAlarmEnable>

00000562 <.L14>:
     562:	89 81       	ldd	r24, Y+1	; 0x01
     564:	9a 81       	ldd	r25, Y+2	; 0x02
     566:	40 e0       	ldi	r20, 0x00	; 0
     568:	63 e0       	ldi	r22, 0x03	; 3
     56a:	01 97       	sbiw	r24, 0x01	; 1
     56c:	09 f1       	breq	.+66     	; 0x5b0 <.L18>
     56e:	80 e0       	ldi	r24, 0x00	; 0
     570:	0e 94 82 0d 	call	0x1b04	; 0x1b04 <Relay_Off>
     574:	80 91 51 01 	lds	r24, 0x0151	; 0x800151 <ModeCtrl_u8DeviceStatus>
     578:	8d 7f       	andi	r24, 0xFD	; 253
     57a:	80 93 51 01 	sts	0x0151, r24	; 0x800151 <ModeCtrl_u8DeviceStatus>
     57e:	c6 cf       	rjmp	.-116    	; 0x50c <.L3>

00000580 <.L17>:
     580:	80 e0       	ldi	r24, 0x00	; 0
     582:	0e 94 39 0d 	call	0x1a72	; 0x1a72 <Led_On>
     586:	80 91 51 01 	lds	r24, 0x0151	; 0x800151 <ModeCtrl_u8DeviceStatus>
     58a:	81 60       	ori	r24, 0x01	; 1
     58c:	80 93 51 01 	sts	0x0151, r24	; 0x800151 <ModeCtrl_u8DeviceStatus>
     590:	bd cf       	rjmp	.-134    	; 0x50c <.L3>

00000592 <.L15>:
     592:	89 81       	ldd	r24, Y+1	; 0x01
     594:	9a 81       	ldd	r25, Y+2	; 0x02
     596:	40 e0       	ldi	r20, 0x00	; 0
     598:	64 e0       	ldi	r22, 0x04	; 4
     59a:	01 97       	sbiw	r24, 0x01	; 1
     59c:	91 f0       	breq	.+36     	; 0x5c2 <.L19>
     59e:	80 e0       	ldi	r24, 0x00	; 0
     5a0:	0e 94 82 0d 	call	0x1b04	; 0x1b04 <Relay_Off>
     5a4:	80 91 51 01 	lds	r24, 0x0151	; 0x800151 <ModeCtrl_u8DeviceStatus>
     5a8:	8b 7f       	andi	r24, 0xFB	; 251
     5aa:	80 93 51 01 	sts	0x0151, r24	; 0x800151 <ModeCtrl_u8DeviceStatus>
     5ae:	ae cf       	rjmp	.-164    	; 0x50c <.L3>

000005b0 <.L18>:
     5b0:	80 e0       	ldi	r24, 0x00	; 0
     5b2:	0e 94 7c 0d 	call	0x1af8	; 0x1af8 <Relay_On>
     5b6:	80 91 51 01 	lds	r24, 0x0151	; 0x800151 <ModeCtrl_u8DeviceStatus>
     5ba:	82 60       	ori	r24, 0x02	; 2
     5bc:	80 93 51 01 	sts	0x0151, r24	; 0x800151 <ModeCtrl_u8DeviceStatus>
     5c0:	a5 cf       	rjmp	.-182    	; 0x50c <.L3>

000005c2 <.L19>:
     5c2:	80 e0       	ldi	r24, 0x00	; 0
     5c4:	0e 94 7c 0d 	call	0x1af8	; 0x1af8 <Relay_On>
     5c8:	80 91 51 01 	lds	r24, 0x0151	; 0x800151 <ModeCtrl_u8DeviceStatus>
     5cc:	84 60       	ori	r24, 0x04	; 4
     5ce:	80 93 51 01 	sts	0x0151, r24	; 0x800151 <ModeCtrl_u8DeviceStatus>
     5d2:	9c cf       	rjmp	.-200    	; 0x50c <.L3>

000005d4 <ModeCtrl_ManualToggleDevice>:
     5d4:	cf 93       	push	r28
     5d6:	df 93       	push	r29
     5d8:	ec 01       	movw	r28, r24
     5da:	80 91 51 01 	lds	r24, 0x0151	; 0x800151 <ModeCtrl_u8DeviceStatus>
     5de:	81 70       	andi	r24, 0x01	; 1
     5e0:	c1 30       	cpi	r28, 0x01	; 1
     5e2:	d1 05       	cpc	r29, r1
     5e4:	90 f0       	brcs	.+36     	; 0x60a <.L22>
     5e6:	69 f0       	breq	.+26     	; 0x602 <.L26>
     5e8:	c2 30       	cpi	r28, 0x02	; 2
     5ea:	d1 05       	cpc	r29, r1
     5ec:	b9 f0       	breq	.+46     	; 0x61c <.L27>
     5ee:	c3 30       	cpi	r28, 0x03	; 3
     5f0:	d1 05       	cpc	r29, r1
     5f2:	e1 f0       	breq	.+56     	; 0x62c <.L28>

000005f4 <.L25>:
     5f4:	61 e0       	ldi	r22, 0x01	; 1
     5f6:	70 e0       	ldi	r23, 0x00	; 0
     5f8:	ce 01       	movw	r24, r28
     5fa:	df 91       	pop	r29
     5fc:	cf 91       	pop	r28
     5fe:	0c 94 67 02 	jmp	0x4ce	; 0x4ce <ModeCtrl_ManualSetDevice>

00000602 <.L26>:
     602:	80 91 51 01 	lds	r24, 0x0151	; 0x800151 <ModeCtrl_u8DeviceStatus>
     606:	86 95       	lsr	r24
     608:	81 70       	andi	r24, 0x01	; 1

0000060a <.L22>:
     60a:	81 30       	cpi	r24, 0x01	; 1
     60c:	99 f7       	brne	.-26     	; 0x5f4 <.L25>

0000060e <.L29>:
     60e:	60 e0       	ldi	r22, 0x00	; 0
     610:	70 e0       	ldi	r23, 0x00	; 0
     612:	ce 01       	movw	r24, r28
     614:	df 91       	pop	r29
     616:	cf 91       	pop	r28
     618:	0c 94 67 02 	jmp	0x4ce	; 0x4ce <ModeCtrl_ManualSetDevice>

0000061c <.L27>:
     61c:	80 91 51 01 	lds	r24, 0x0151	; 0x800151 <ModeCtrl_u8DeviceStatus>
     620:	82 fb       	bst	r24, 2
     622:	88 27       	eor	r24, r24
     624:	80 f9       	bld	r24, 0
     626:	81 30       	cpi	r24, 0x01	; 1
     628:	29 f7       	brne	.-54     	; 0x5f4 <.L25>
     62a:	f1 cf       	rjmp	.-30     	; 0x60e <.L29>

0000062c <.L28>:
     62c:	0e 94 07 08 	call	0x100e	; 0x100e <CFG_GetAlarmEnable>
     630:	ec cf       	rjmp	.-40     	; 0x60a <.L22>

00000632 <ModeCtrl_AutoUpdate>:
     632:	cf 93       	push	r28
     634:	df 93       	push	r29
     636:	00 d0       	rcall	.+0      	; 0x638 <L0^A>

00000638 <L0^A>:
     638:	00 d0       	rcall	.+0      	; 0x63a <L0^A>

0000063a <L0^A>:
     63a:	0f 92       	push	r0
     63c:	cd b7       	in	r28, 0x3d	; 61
     63e:	de b7       	in	r29, 0x3e	; 62
     640:	0e 94 15 08 	call	0x102a	; 0x102a <CFG_GetSystemMode>
     644:	01 97       	sbiw	r24, 0x01	; 1
     646:	41 f0       	breq	.+16     	; 0x658 <.L37>

00000648 <.L30>:
     648:	0f 90       	pop	r0
     64a:	0f 90       	pop	r0
     64c:	0f 90       	pop	r0
     64e:	0f 90       	pop	r0
     650:	0f 90       	pop	r0
     652:	df 91       	pop	r29
     654:	cf 91       	pop	r28
     656:	08 95       	ret

00000658 <.L37>:
     658:	80 e0       	ldi	r24, 0x00	; 0
     65a:	0e 94 4b 0d 	call	0x1a96	; 0x1a96 <LM35_GetTemperature>
     65e:	89 83       	std	Y+1, r24	; 0x01
     660:	81 e0       	ldi	r24, 0x01	; 1
     662:	0e 94 25 0d 	call	0x1a4a	; 0x1a4a <LDR_GetLightPercentage>
     666:	8a 83       	std	Y+2, r24	; 0x02
     668:	0e 94 d4 07 	call	0xfa8	; 0xfa8 <CFG_GetTempThreshold>
     66c:	8b 83       	std	Y+3, r24	; 0x03
     66e:	0e 94 f9 07 	call	0xff2	; 0xff2 <CFG_GetLightThreshold>
     672:	8c 83       	std	Y+4, r24	; 0x04
     674:	9d 83       	std	Y+5, r25	; 0x05
     676:	8b 81       	ldd	r24, Y+3	; 0x03
     678:	8f 5f       	subi	r24, 0xFF	; 255
     67a:	29 81       	ldd	r18, Y+1	; 0x01
     67c:	28 17       	cp	r18, r24
     67e:	f0 f4       	brcc	.+60     	; 0x6bc <.L38>
     680:	8b 81       	ldd	r24, Y+3	; 0x03
     682:	81 50       	subi	r24, 0x01	; 1
     684:	99 81       	ldd	r25, Y+1	; 0x01
     686:	89 17       	cp	r24, r25
     688:	78 f5       	brcc	.+94     	; 0x6e8 <.L39>

0000068a <.L34>:
     68a:	8c 81       	ldd	r24, Y+4	; 0x04
     68c:	9d 81       	ldd	r25, Y+5	; 0x05
     68e:	02 97       	sbiw	r24, 0x02	; 2
     690:	2a 81       	ldd	r18, Y+2	; 0x02
     692:	82 17       	cp	r24, r18
     694:	91 05       	cpc	r25, r1
     696:	e8 f4       	brcc	.+58     	; 0x6d2 <.L40>
     698:	8c 81       	ldd	r24, Y+4	; 0x04
     69a:	9d 81       	ldd	r25, Y+5	; 0x05
     69c:	02 96       	adiw	r24, 0x02	; 2
     69e:	2a 81       	ldd	r18, Y+2	; 0x02
     6a0:	28 17       	cp	r18, r24
     6a2:	19 06       	cpc	r1, r25
     6a4:	88 f2       	brcs	.-94     	; 0x648 <.L30>
     6a6:	41 e0       	ldi	r20, 0x01	; 1
     6a8:	62 e0       	ldi	r22, 0x02	; 2
     6aa:	80 e0       	ldi	r24, 0x00	; 0
     6ac:	0e 94 3f 0d 	call	0x1a7e	; 0x1a7e <Led_Off>
     6b0:	80 91 51 01 	lds	r24, 0x0151	; 0x800151 <ModeCtrl_u8DeviceStatus>
     6b4:	8e 7f       	andi	r24, 0xFE	; 254
     6b6:	80 93 51 01 	sts	0x0151, r24	; 0x800151 <ModeCtrl_u8DeviceStatus>
     6ba:	c6 cf       	rjmp	.-116    	; 0x648 <.L30>

000006bc <.L38>:
     6bc:	40 e0       	ldi	r20, 0x00	; 0
     6be:	63 e0       	ldi	r22, 0x03	; 3
     6c0:	80 e0       	ldi	r24, 0x00	; 0
     6c2:	0e 94 7c 0d 	call	0x1af8	; 0x1af8 <Relay_On>
     6c6:	80 91 51 01 	lds	r24, 0x0151	; 0x800151 <ModeCtrl_u8DeviceStatus>
     6ca:	82 60       	ori	r24, 0x02	; 2
     6cc:	80 93 51 01 	sts	0x0151, r24	; 0x800151 <ModeCtrl_u8DeviceStatus>
     6d0:	dc cf       	rjmp	.-72     	; 0x68a <.L34>

000006d2 <.L40>:
     6d2:	41 e0       	ldi	r20, 0x01	; 1
     6d4:	62 e0       	ldi	r22, 0x02	; 2
     6d6:	80 e0       	ldi	r24, 0x00	; 0
     6d8:	0e 94 39 0d 	call	0x1a72	; 0x1a72 <Led_On>
     6dc:	80 91 51 01 	lds	r24, 0x0151	; 0x800151 <ModeCtrl_u8DeviceStatus>
     6e0:	81 60       	ori	r24, 0x01	; 1
     6e2:	80 93 51 01 	sts	0x0151, r24	; 0x800151 <ModeCtrl_u8DeviceStatus>
     6e6:	b0 cf       	rjmp	.-160    	; 0x648 <.L30>

000006e8 <.L39>:
     6e8:	40 e0       	ldi	r20, 0x00	; 0
     6ea:	63 e0       	ldi	r22, 0x03	; 3
     6ec:	80 e0       	ldi	r24, 0x00	; 0
     6ee:	0e 94 82 0d 	call	0x1b04	; 0x1b04 <Relay_Off>
     6f2:	80 91 51 01 	lds	r24, 0x0151	; 0x800151 <ModeCtrl_u8DeviceStatus>
     6f6:	8d 7f       	andi	r24, 0xFD	; 253
     6f8:	80 93 51 01 	sts	0x0151, r24	; 0x800151 <ModeCtrl_u8DeviceStatus>
     6fc:	c6 cf       	rjmp	.-116    	; 0x68a <.L34>

000006fe <ModeCtrl_GetDeviceState>:
     6fe:	81 30       	cpi	r24, 0x01	; 1
     700:	91 05       	cpc	r25, r1
     702:	20 f4       	brcc	.+8      	; 0x70c <.L42>
     704:	80 91 51 01 	lds	r24, 0x0151	; 0x800151 <ModeCtrl_u8DeviceStatus>
     708:	81 70       	andi	r24, 0x01	; 1
     70a:	08 95       	ret

0000070c <.L42>:
     70c:	39 f0       	breq	.+14     	; 0x71c <.L47>
     70e:	82 30       	cpi	r24, 0x02	; 2
     710:	91 05       	cpc	r25, r1
     712:	49 f0       	breq	.+18     	; 0x726 <.L48>
     714:	03 97       	sbiw	r24, 0x03	; 3
     716:	69 f0       	breq	.+26     	; 0x732 <.L49>
     718:	80 e0       	ldi	r24, 0x00	; 0
     71a:	08 95       	ret

0000071c <.L47>:
     71c:	80 91 51 01 	lds	r24, 0x0151	; 0x800151 <ModeCtrl_u8DeviceStatus>
     720:	86 95       	lsr	r24
     722:	81 70       	andi	r24, 0x01	; 1
     724:	08 95       	ret

00000726 <.L48>:
     726:	80 91 51 01 	lds	r24, 0x0151	; 0x800151 <ModeCtrl_u8DeviceStatus>
     72a:	82 fb       	bst	r24, 2
     72c:	88 27       	eor	r24, r24
     72e:	80 f9       	bld	r24, 0
     730:	08 95       	ret

00000732 <.L49>:
     732:	0e 94 07 08 	call	0x100e	; 0x100e <CFG_GetAlarmEnable>
     736:	08 95       	ret

00000738 <RTM_vidU8ToString>:
     738:	cf 93       	push	r28
     73a:	df 93       	push	r29
     73c:	00 d0       	rcall	.+0      	; 0x73e <L0^A>

0000073e <L0^A>:
     73e:	0f 92       	push	r0
     740:	cd b7       	in	r28, 0x3d	; 61
     742:	de b7       	in	r29, 0x3e	; 62
     744:	81 11       	cpse	r24, r1
     746:	1c c0       	rjmp	.+56     	; 0x780 <.L6>
     748:	19 82       	std	Y+1, r1	; 0x01
     74a:	e0 e0       	ldi	r30, 0x00	; 0
     74c:	f0 e0       	ldi	r31, 0x00	; 0
     74e:	41 e0       	ldi	r20, 0x01	; 1
     750:	50 e0       	ldi	r21, 0x00	; 0
     752:	31 e0       	ldi	r19, 0x01	; 1

00000754 <.L3>:
     754:	ce 01       	movw	r24, r28
     756:	02 96       	adiw	r24, 0x02	; 2
     758:	e8 0f       	add	r30, r24
     75a:	f9 1f       	adc	r31, r25
     75c:	db 01       	movw	r26, r22
     75e:	90 e0       	ldi	r25, 0x00	; 0

00000760 <.L5>:
     760:	82 91       	ld	r24, -Z
     762:	80 5d       	subi	r24, 0xD0	; 208
     764:	8d 93       	st	X+, r24
     766:	9f 5f       	subi	r25, 0xFF	; 255
     768:	93 17       	cp	r25, r19
     76a:	d0 f3       	brcs	.-12     	; 0x760 <.L5>

0000076c <.L4>:
     76c:	64 0f       	add	r22, r20
     76e:	75 1f       	adc	r23, r21
     770:	fb 01       	movw	r30, r22
     772:	10 82       	st	Z, r1
     774:	0f 90       	pop	r0
     776:	0f 90       	pop	r0
     778:	0f 90       	pop	r0
     77a:	df 91       	pop	r29
     77c:	cf 91       	pop	r28
     77e:	08 95       	ret

00000780 <.L6>:
     780:	30 e0       	ldi	r19, 0x00	; 0
     782:	4d ec       	ldi	r20, 0xCD	; 205

00000784 <.L2>:
     784:	fe 01       	movw	r30, r28
     786:	31 96       	adiw	r30, 0x01	; 1
     788:	e3 0f       	add	r30, r19
     78a:	f1 1d       	adc	r31, r1
     78c:	84 9f       	mul	r24, r20
     78e:	91 2d       	mov	r25, r1
     790:	11 24       	eor	r1, r1
     792:	96 95       	lsr	r25
     794:	96 95       	lsr	r25
     796:	96 95       	lsr	r25
     798:	29 2f       	mov	r18, r25
     79a:	22 0f       	add	r18, r18
     79c:	22 0f       	add	r18, r18
     79e:	29 0f       	add	r18, r25
     7a0:	22 0f       	add	r18, r18
     7a2:	58 2f       	mov	r21, r24
     7a4:	52 1b       	sub	r21, r18
     7a6:	50 83       	st	Z, r21
     7a8:	28 2f       	mov	r18, r24
     7aa:	89 2f       	mov	r24, r25
     7ac:	3f 5f       	subi	r19, 0xFF	; 255
     7ae:	2a 30       	cpi	r18, 0x0A	; 10
     7b0:	48 f7       	brcc	.-46     	; 0x784 <.L2>
     7b2:	40 e0       	ldi	r20, 0x00	; 0
     7b4:	50 e0       	ldi	r21, 0x00	; 0
     7b6:	31 15       	cp	r19, r1
     7b8:	c9 f2       	breq	.-78     	; 0x76c <.L4>
     7ba:	43 2f       	mov	r20, r19
     7bc:	50 e0       	ldi	r21, 0x00	; 0
     7be:	fa 01       	movw	r30, r20
     7c0:	31 97       	sbiw	r30, 0x01	; 1
     7c2:	c8 cf       	rjmp	.-112    	; 0x754 <.L3>

000007c4 <RTM_Init>:
     7c4:	cf 93       	push	r28
     7c6:	df 93       	push	r29
     7c8:	cd b7       	in	r28, 0x3d	; 61
     7ca:	de b7       	in	r29, 0x3e	; 62
     7cc:	2a 97       	sbiw	r28, 0x0a	; 10
     7ce:	0f b6       	in	r0, 0x3f	; 63
     7d0:	f8 94       	cli
     7d2:	de bf       	out	0x3e, r29	; 62
     7d4:	0f be       	out	0x3f, r0	; 63
     7d6:	cd bf       	out	0x3d, r28	; 61
     7d8:	80 e8       	ldi	r24, 0x80	; 128
     7da:	95 e2       	ldi	r25, 0x25	; 37
     7dc:	89 83       	std	Y+1, r24	; 0x01
     7de:	9a 83       	std	Y+2, r25	; 0x02
     7e0:	1b 82       	std	Y+3, r1	; 0x03
     7e2:	1c 82       	std	Y+4, r1	; 0x04
     7e4:	83 e0       	ldi	r24, 0x03	; 3
     7e6:	8d 83       	std	Y+5, r24	; 0x05
     7e8:	1e 82       	std	Y+6, r1	; 0x06
     7ea:	1f 82       	std	Y+7, r1	; 0x07
     7ec:	18 86       	std	Y+8, r1	; 0x08
     7ee:	19 86       	std	Y+9, r1	; 0x09
     7f0:	1a 86       	std	Y+10, r1	; 0x0a
     7f2:	ce 01       	movw	r24, r28
     7f4:	01 96       	adiw	r24, 0x01	; 1
     7f6:	0e 94 ea 12 	call	0x25d4	; 0x25d4 <UART_Init>
     7fa:	40 e1       	ldi	r20, 0x10	; 16
     7fc:	50 e0       	ldi	r21, 0x00	; 0
     7fe:	6f ef       	ldi	r22, 0xFF	; 255
     800:	70 e0       	ldi	r23, 0x00	; 0
     802:	83 e6       	ldi	r24, 0x63	; 99
     804:	91 e0       	ldi	r25, 0x01	; 1
     806:	0e 94 48 14 	call	0x2890	; 0x2890 <memset>
     80a:	40 e1       	ldi	r20, 0x10	; 16
     80c:	50 e0       	ldi	r21, 0x00	; 0
     80e:	6f ef       	ldi	r22, 0xFF	; 255
     810:	70 e0       	ldi	r23, 0x00	; 0
     812:	82 e5       	ldi	r24, 0x52	; 82
     814:	91 e0       	ldi	r25, 0x01	; 1
     816:	0e 94 48 14 	call	0x2890	; 0x2890 <memset>
     81a:	10 92 73 01 	sts	0x0173, r1	; 0x800173 <RTM_au8LastLine0+0x10>
     81e:	10 92 62 01 	sts	0x0162, r1	; 0x800162 <RTM_au8LastLine1+0x10>
     822:	2a 96       	adiw	r28, 0x0a	; 10
     824:	0f b6       	in	r0, 0x3f	; 63
     826:	f8 94       	cli
     828:	de bf       	out	0x3e, r29	; 62
     82a:	0f be       	out	0x3f, r0	; 63
     82c:	cd bf       	out	0x3d, r28	; 61
     82e:	df 91       	pop	r29
     830:	cf 91       	pop	r28
     832:	08 95       	ret

00000834 <RTM_LCDStatusUpdate>:
     834:	cf 93       	push	r28
     836:	df 93       	push	r29
     838:	cd b7       	in	r28, 0x3d	; 61
     83a:	de b7       	in	r29, 0x3e	; 62
     83c:	a6 97       	sbiw	r28, 0x26	; 38
     83e:	0f b6       	in	r0, 0x3f	; 63
     840:	f8 94       	cli
     842:	de bf       	out	0x3e, r29	; 62
     844:	0f be       	out	0x3f, r0	; 63
     846:	cd bf       	out	0x3d, r28	; 61
     848:	4e e0       	ldi	r20, 0x0E	; 14
     84a:	50 e0       	ldi	r21, 0x00	; 0
     84c:	60 e2       	ldi	r22, 0x20	; 32
     84e:	70 e0       	ldi	r23, 0x00	; 0
     850:	ce 01       	movw	r24, r28
     852:	44 96       	adiw	r24, 0x14	; 20
     854:	0e 94 48 14 	call	0x2890	; 0x2890 <memset>
     858:	84 e5       	ldi	r24, 0x54	; 84
     85a:	8a 8b       	std	Y+18, r24	; 0x12
     85c:	8a e3       	ldi	r24, 0x3A	; 58
     85e:	8b 8b       	std	Y+19, r24	; 0x13
     860:	80 e0       	ldi	r24, 0x00	; 0
     862:	0e 94 4b 0d 	call	0x1a96	; 0x1a96 <LM35_GetTemperature>
     866:	be 01       	movw	r22, r28
     868:	6d 5d       	subi	r22, 0xDD	; 221
     86a:	7f 4f       	sbci	r23, 0xFF	; 255
     86c:	0e 94 9c 03 	call	0x738	; 0x738 <RTM_vidU8ToString>
     870:	8b a1       	ldd	r24, Y+35	; 0x23
     872:	81 15       	cp	r24, r1
     874:	09 f4       	brne	.+2      	; 0x878 <L0^A+0x2>

00000876 <L0^A>:
     876:	b5 c0       	rjmp	.+362    	; 0x9e2 <.L26>
     878:	8c 8b       	std	Y+20, r24	; 0x14
     87a:	8c a1       	ldd	r24, Y+36	; 0x24
     87c:	81 15       	cp	r24, r1
     87e:	39 f0       	breq	.+14     	; 0x88e <.L14>
     880:	8d 8b       	std	Y+21, r24	; 0x15
     882:	8d a1       	ldd	r24, Y+37	; 0x25
     884:	81 15       	cp	r24, r1
     886:	09 f4       	brne	.+2      	; 0x88a <L0^A+0x2>

00000888 <L0^A>:
     888:	a5 c0       	rjmp	.+330    	; 0x9d4 <.L27>
     88a:	8e 8b       	std	Y+22, r24	; 0x16
     88c:	82 e0       	ldi	r24, 0x02	; 2

0000088e <.L14>:
     88e:	8d 5f       	subi	r24, 0xFD	; 253
     890:	90 e0       	ldi	r25, 0x00	; 0

00000892 <.L13>:
     892:	fe 01       	movw	r30, r28
     894:	72 96       	adiw	r30, 0x12	; 18
     896:	e8 0f       	add	r30, r24
     898:	f9 1f       	adc	r31, r25
     89a:	83 e4       	ldi	r24, 0x43	; 67
     89c:	80 83       	st	Z, r24
     89e:	8d e4       	ldi	r24, 0x4D	; 77
     8a0:	88 a3       	std	Y+32, r24	; 0x20
     8a2:	0e 94 15 08 	call	0x102a	; 0x102a <CFG_GetSystemMode>
     8a6:	01 97       	sbiw	r24, 0x01	; 1
     8a8:	09 f4       	brne	.+2      	; 0x8ac <L0^A+0x2>

000008aa <L0^A>:
     8aa:	6a c0       	rjmp	.+212    	; 0x980 <.L41>
     8ac:	8d e4       	ldi	r24, 0x4D	; 77

000008ae <.L15>:
     8ae:	89 a3       	std	Y+33, r24	; 0x21
     8b0:	1a a2       	std	Y+34, r1	; 0x22
     8b2:	4e e0       	ldi	r20, 0x0E	; 14
     8b4:	50 e0       	ldi	r21, 0x00	; 0
     8b6:	60 e2       	ldi	r22, 0x20	; 32
     8b8:	70 e0       	ldi	r23, 0x00	; 0
     8ba:	ce 01       	movw	r24, r28
     8bc:	03 96       	adiw	r24, 0x03	; 3
     8be:	0e 94 48 14 	call	0x2890	; 0x2890 <memset>
     8c2:	8c e4       	ldi	r24, 0x4C	; 76
     8c4:	89 83       	std	Y+1, r24	; 0x01
     8c6:	8a e3       	ldi	r24, 0x3A	; 58
     8c8:	8a 83       	std	Y+2, r24	; 0x02
     8ca:	81 e0       	ldi	r24, 0x01	; 1
     8cc:	0e 94 25 0d 	call	0x1a4a	; 0x1a4a <LDR_GetLightPercentage>
     8d0:	be 01       	movw	r22, r28
     8d2:	6d 5d       	subi	r22, 0xDD	; 221
     8d4:	7f 4f       	sbci	r23, 0xFF	; 255
     8d6:	0e 94 9c 03 	call	0x738	; 0x738 <RTM_vidU8ToString>
     8da:	8b a1       	ldd	r24, Y+35	; 0x23
     8dc:	81 15       	cp	r24, r1
     8de:	09 f4       	brne	.+2      	; 0x8e2 <L0^A+0x2>

000008e0 <L0^A>:
     8e0:	7d c0       	rjmp	.+250    	; 0x9dc <.L29>
     8e2:	8b 83       	std	Y+3, r24	; 0x03
     8e4:	8c a1       	ldd	r24, Y+36	; 0x24
     8e6:	81 15       	cp	r24, r1
     8e8:	39 f0       	breq	.+14     	; 0x8f8 <.L17>
     8ea:	8c 83       	std	Y+4, r24	; 0x04
     8ec:	8d a1       	ldd	r24, Y+37	; 0x25
     8ee:	81 15       	cp	r24, r1
     8f0:	09 f4       	brne	.+2      	; 0x8f4 <L0^A+0x2>

000008f2 <L0^A>:
     8f2:	72 c0       	rjmp	.+228    	; 0x9d8 <.L30>
     8f4:	8d 83       	std	Y+5, r24	; 0x05
     8f6:	82 e0       	ldi	r24, 0x02	; 2

000008f8 <.L17>:
     8f8:	8d 5f       	subi	r24, 0xFD	; 253
     8fa:	90 e0       	ldi	r25, 0x00	; 0

000008fc <.L16>:
     8fc:	fe 01       	movw	r30, r28
     8fe:	31 96       	adiw	r30, 0x01	; 1
     900:	e8 0f       	add	r30, r24
     902:	f9 1f       	adc	r31, r25
     904:	85 e2       	ldi	r24, 0x25	; 37
     906:	80 83       	st	Z, r24
     908:	81 e4       	ldi	r24, 0x41	; 65
     90a:	8a 87       	std	Y+10, r24	; 0x0a
     90c:	8c e4       	ldi	r24, 0x4C	; 76
     90e:	8b 87       	std	Y+11, r24	; 0x0b
     910:	8a e3       	ldi	r24, 0x3A	; 58
     912:	8c 87       	std	Y+12, r24	; 0x0c
     914:	0e 94 a3 00 	call	0x146	; 0x146 <ALARM_IsActive>
     918:	81 30       	cpi	r24, 0x01	; 1
     91a:	b1 f1       	breq	.+108    	; 0x988 <.L42>
     91c:	8d e2       	ldi	r24, 0x2D	; 45

0000091e <.L18>:
     91e:	8d 87       	std	Y+13, r24	; 0x0d
     920:	0e 94 a3 00 	call	0x146	; 0x146 <ALARM_IsActive>
     924:	81 30       	cpi	r24, 0x01	; 1
     926:	71 f1       	breq	.+92     	; 0x984 <.L43>
     928:	80 e2       	ldi	r24, 0x20	; 32

0000092a <.L19>:
     92a:	8e 87       	std	Y+14, r24	; 0x0e
     92c:	19 8a       	std	Y+17, r1	; 0x11
     92e:	fe 01       	movw	r30, r28
     930:	72 96       	adiw	r30, 0x12	; 18
     932:	a3 e6       	ldi	r26, 0x63	; 99
     934:	b1 e0       	ldi	r27, 0x01	; 1
     936:	9e 01       	movw	r18, r28
     938:	2e 5d       	subi	r18, 0xDE	; 222
     93a:	3f 4f       	sbci	r19, 0xFF	; 255

0000093c <.L21>:
     93c:	90 81       	ld	r25, Z
     93e:	8c 91       	ld	r24, X
     940:	98 13       	cpse	r25, r24
     942:	36 c0       	rjmp	.+108    	; 0x9b0 <.L20>
     944:	31 96       	adiw	r30, 0x01	; 1
     946:	11 96       	adiw	r26, 0x01	; 1
     948:	2e 17       	cp	r18, r30
     94a:	3f 07       	cpc	r19, r31
     94c:	b9 f7       	brne	.-18     	; 0x93c <.L21>

0000094e <.L25>:
     94e:	fe 01       	movw	r30, r28
     950:	31 96       	adiw	r30, 0x01	; 1
     952:	a2 e5       	ldi	r26, 0x52	; 82
     954:	b1 e0       	ldi	r27, 0x01	; 1
     956:	9e 01       	movw	r18, r28
     958:	2f 5e       	subi	r18, 0xEF	; 239
     95a:	3f 4f       	sbci	r19, 0xFF	; 255

0000095c <.L23>:
     95c:	90 81       	ld	r25, Z
     95e:	8c 91       	ld	r24, X
     960:	98 13       	cpse	r25, r24
     962:	14 c0       	rjmp	.+40     	; 0x98c <.L22>
     964:	31 96       	adiw	r30, 0x01	; 1
     966:	11 96       	adiw	r26, 0x01	; 1
     968:	e2 17       	cp	r30, r18
     96a:	f3 07       	cpc	r31, r19
     96c:	b9 f7       	brne	.-18     	; 0x95c <.L23>

0000096e <.L12>:
     96e:	a6 96       	adiw	r28, 0x26	; 38
     970:	0f b6       	in	r0, 0x3f	; 63
     972:	f8 94       	cli
     974:	de bf       	out	0x3e, r29	; 62
     976:	0f be       	out	0x3f, r0	; 63
     978:	cd bf       	out	0x3d, r28	; 61
     97a:	df 91       	pop	r29
     97c:	cf 91       	pop	r28
     97e:	08 95       	ret

00000980 <.L41>:
     980:	81 e4       	ldi	r24, 0x41	; 65
     982:	95 cf       	rjmp	.-214    	; 0x8ae <.L15>

00000984 <.L43>:
     984:	8e e4       	ldi	r24, 0x4E	; 78
     986:	d1 cf       	rjmp	.-94     	; 0x92a <.L19>

00000988 <.L42>:
     988:	8f e4       	ldi	r24, 0x4F	; 79
     98a:	c9 cf       	rjmp	.-110    	; 0x91e <.L18>

0000098c <.L22>:
     98c:	60 e0       	ldi	r22, 0x00	; 0
     98e:	81 e0       	ldi	r24, 0x01	; 1
     990:	0e 94 97 0b 	call	0x172e	; 0x172e <LCD_MoveTo>
     994:	ce 01       	movw	r24, r28
     996:	01 96       	adiw	r24, 0x01	; 1
     998:	0e 94 62 0b 	call	0x16c4	; 0x16c4 <LCD_WriteString>
     99c:	81 e1       	ldi	r24, 0x11	; 17
     99e:	fe 01       	movw	r30, r28
     9a0:	31 96       	adiw	r30, 0x01	; 1
     9a2:	a2 e5       	ldi	r26, 0x52	; 82
     9a4:	b1 e0       	ldi	r27, 0x01	; 1

000009a6 <.L0^B1>:
     9a6:	01 90       	ld	r0, Z+
     9a8:	0d 92       	st	X+, r0
     9aa:	8a 95       	dec	r24
     9ac:	e1 f7       	brne	.-8      	; 0x9a6 <.L0^B1>
     9ae:	df cf       	rjmp	.-66     	; 0x96e <.L12>

000009b0 <.L20>:
     9b0:	60 e0       	ldi	r22, 0x00	; 0
     9b2:	80 e0       	ldi	r24, 0x00	; 0
     9b4:	0e 94 97 0b 	call	0x172e	; 0x172e <LCD_MoveTo>
     9b8:	ce 01       	movw	r24, r28
     9ba:	42 96       	adiw	r24, 0x12	; 18
     9bc:	0e 94 62 0b 	call	0x16c4	; 0x16c4 <LCD_WriteString>
     9c0:	81 e1       	ldi	r24, 0x11	; 17
     9c2:	fe 01       	movw	r30, r28
     9c4:	72 96       	adiw	r30, 0x12	; 18
     9c6:	a3 e6       	ldi	r26, 0x63	; 99
     9c8:	b1 e0       	ldi	r27, 0x01	; 1

000009ca <.L0^B2>:
     9ca:	01 90       	ld	r0, Z+
     9cc:	0d 92       	st	X+, r0
     9ce:	8a 95       	dec	r24
     9d0:	e1 f7       	brne	.-8      	; 0x9ca <.L0^B2>
     9d2:	bd cf       	rjmp	.-134    	; 0x94e <.L25>

000009d4 <.L27>:
     9d4:	81 e0       	ldi	r24, 0x01	; 1
     9d6:	5b cf       	rjmp	.-330    	; 0x88e <.L14>

000009d8 <.L30>:
     9d8:	81 e0       	ldi	r24, 0x01	; 1
     9da:	8e cf       	rjmp	.-228    	; 0x8f8 <.L17>

000009dc <.L29>:
     9dc:	82 e0       	ldi	r24, 0x02	; 2
     9de:	90 e0       	ldi	r25, 0x00	; 0
     9e0:	8d cf       	rjmp	.-230    	; 0x8fc <.L16>

000009e2 <.L26>:
     9e2:	82 e0       	ldi	r24, 0x02	; 2
     9e4:	90 e0       	ldi	r25, 0x00	; 0
     9e6:	55 cf       	rjmp	.-342    	; 0x892 <.L13>

000009e8 <RTM_LogSensorReadings>:
     9e8:	cf 93       	push	r28
     9ea:	df 93       	push	r29
     9ec:	00 d0       	rcall	.+0      	; 0x9ee <L0^A>

000009ee <L0^A>:
     9ee:	00 d0       	rcall	.+0      	; 0x9f0 <L0^A>

000009f0 <L0^A>:
     9f0:	cd b7       	in	r28, 0x3d	; 61
     9f2:	de b7       	in	r29, 0x3e	; 62
     9f4:	81 e9       	ldi	r24, 0x91	; 145
     9f6:	90 e0       	ldi	r25, 0x00	; 0
     9f8:	0e 94 31 13 	call	0x2662	; 0x2662 <UART_SendString>
     9fc:	80 e0       	ldi	r24, 0x00	; 0
     9fe:	0e 94 4b 0d 	call	0x1a96	; 0x1a96 <LM35_GetTemperature>
     a02:	be 01       	movw	r22, r28
     a04:	6f 5f       	subi	r22, 0xFF	; 255
     a06:	7f 4f       	sbci	r23, 0xFF	; 255
     a08:	0e 94 9c 03 	call	0x738	; 0x738 <RTM_vidU8ToString>
     a0c:	ce 01       	movw	r24, r28
     a0e:	01 96       	adiw	r24, 0x01	; 1
     a10:	0e 94 31 13 	call	0x2662	; 0x2662 <UART_SendString>
     a14:	8d e9       	ldi	r24, 0x9D	; 157
     a16:	90 e0       	ldi	r25, 0x00	; 0
     a18:	0e 94 31 13 	call	0x2662	; 0x2662 <UART_SendString>
     a1c:	81 e0       	ldi	r24, 0x01	; 1
     a1e:	0e 94 25 0d 	call	0x1a4a	; 0x1a4a <LDR_GetLightPercentage>
     a22:	be 01       	movw	r22, r28
     a24:	6f 5f       	subi	r22, 0xFF	; 255
     a26:	7f 4f       	sbci	r23, 0xFF	; 255
     a28:	0e 94 9c 03 	call	0x738	; 0x738 <RTM_vidU8ToString>
     a2c:	ce 01       	movw	r24, r28
     a2e:	01 96       	adiw	r24, 0x01	; 1
     a30:	0e 94 31 13 	call	0x2662	; 0x2662 <UART_SendString>
     a34:	81 ea       	ldi	r24, 0xA1	; 161
     a36:	90 e0       	ldi	r25, 0x00	; 0
     a38:	0e 94 31 13 	call	0x2662	; 0x2662 <UART_SendString>
     a3c:	0e 94 15 08 	call	0x102a	; 0x102a <CFG_GetSystemMode>
     a40:	be 01       	movw	r22, r28
     a42:	6f 5f       	subi	r22, 0xFF	; 255
     a44:	7f 4f       	sbci	r23, 0xFF	; 255
     a46:	0e 94 9c 03 	call	0x738	; 0x738 <RTM_vidU8ToString>
     a4a:	ce 01       	movw	r24, r28
     a4c:	01 96       	adiw	r24, 0x01	; 1
     a4e:	0e 94 31 13 	call	0x2662	; 0x2662 <UART_SendString>
     a52:	85 ea       	ldi	r24, 0xA5	; 165
     a54:	90 e0       	ldi	r25, 0x00	; 0
     a56:	0e 94 31 13 	call	0x2662	; 0x2662 <UART_SendString>
     a5a:	0e 94 a3 00 	call	0x146	; 0x146 <ALARM_IsActive>
     a5e:	be 01       	movw	r22, r28
     a60:	6f 5f       	subi	r22, 0xFF	; 255
     a62:	7f 4f       	sbci	r23, 0xFF	; 255
     a64:	0e 94 9c 03 	call	0x738	; 0x738 <RTM_vidU8ToString>
     a68:	ce 01       	movw	r24, r28
     a6a:	01 96       	adiw	r24, 0x01	; 1
     a6c:	0e 94 31 13 	call	0x2662	; 0x2662 <UART_SendString>
     a70:	8a e9       	ldi	r24, 0x9A	; 154
     a72:	90 e0       	ldi	r25, 0x00	; 0
     a74:	0e 94 31 13 	call	0x2662	; 0x2662 <UART_SendString>
     a78:	0f 90       	pop	r0
     a7a:	0f 90       	pop	r0
     a7c:	0f 90       	pop	r0
     a7e:	0f 90       	pop	r0
     a80:	df 91       	pop	r29
     a82:	cf 91       	pop	r28
     a84:	08 95       	ret

00000a86 <RTM_LogError>:
     a86:	cf 93       	push	r28
     a88:	df 93       	push	r29
     a8a:	00 d0       	rcall	.+0      	; 0xa8c <L0^A>

00000a8c <L0^A>:
     a8c:	00 d0       	rcall	.+0      	; 0xa8e <L0^A>

00000a8e <L0^A>:
     a8e:	0f 92       	push	r0
     a90:	cd b7       	in	r28, 0x3d	; 61
     a92:	de b7       	in	r29, 0x3e	; 62
     a94:	8d 83       	std	Y+5, r24	; 0x05
     a96:	8b ea       	ldi	r24, 0xAB	; 171
     a98:	90 e0       	ldi	r25, 0x00	; 0
     a9a:	0e 94 31 13 	call	0x2662	; 0x2662 <UART_SendString>
     a9e:	be 01       	movw	r22, r28
     aa0:	6f 5f       	subi	r22, 0xFF	; 255
     aa2:	7f 4f       	sbci	r23, 0xFF	; 255
     aa4:	8d 81       	ldd	r24, Y+5	; 0x05
     aa6:	0e 94 9c 03 	call	0x738	; 0x738 <RTM_vidU8ToString>
     aaa:	ce 01       	movw	r24, r28
     aac:	01 96       	adiw	r24, 0x01	; 1
     aae:	0e 94 31 13 	call	0x2662	; 0x2662 <UART_SendString>
     ab2:	8a e9       	ldi	r24, 0x9A	; 154
     ab4:	90 e0       	ldi	r25, 0x00	; 0
     ab6:	0e 94 31 13 	call	0x2662	; 0x2662 <UART_SendString>
     aba:	0f 90       	pop	r0
     abc:	0f 90       	pop	r0
     abe:	0f 90       	pop	r0
     ac0:	0f 90       	pop	r0
     ac2:	0f 90       	pop	r0
     ac4:	df 91       	pop	r29
     ac6:	cf 91       	pop	r28
     ac8:	08 95       	ret

00000aca <SCHED_vidTickCallback>:
     aca:	80 91 e2 01 	lds	r24, 0x01E2	; 0x8001e2 <SCHED_u32TickCounter>
     ace:	90 91 e3 01 	lds	r25, 0x01E3	; 0x8001e3 <SCHED_u32TickCounter+0x1>
     ad2:	a0 91 e4 01 	lds	r26, 0x01E4	; 0x8001e4 <SCHED_u32TickCounter+0x2>
     ad6:	b0 91 e5 01 	lds	r27, 0x01E5	; 0x8001e5 <SCHED_u32TickCounter+0x3>
     ada:	01 96       	adiw	r24, 0x01	; 1
     adc:	a1 1d       	adc	r26, r1
     ade:	b1 1d       	adc	r27, r1
     ae0:	80 93 e2 01 	sts	0x01E2, r24	; 0x8001e2 <SCHED_u32TickCounter>
     ae4:	90 93 e3 01 	sts	0x01E3, r25	; 0x8001e3 <SCHED_u32TickCounter+0x1>
     ae8:	a0 93 e4 01 	sts	0x01E4, r26	; 0x8001e4 <SCHED_u32TickCounter+0x2>
     aec:	b0 93 e5 01 	sts	0x01E5, r27	; 0x8001e5 <SCHED_u32TickCounter+0x3>
     af0:	08 95       	ret

00000af2 <SCHED_Init>:
     af2:	cf 93       	push	r28
     af4:	df 93       	push	r29
     af6:	cd b7       	in	r28, 0x3d	; 61
     af8:	de b7       	in	r29, 0x3e	; 62
     afa:	2b 97       	sbiw	r28, 0x0b	; 11
     afc:	0f b6       	in	r0, 0x3f	; 63
     afe:	f8 94       	cli
     b00:	de bf       	out	0x3e, r29	; 62
     b02:	0f be       	out	0x3f, r0	; 63
     b04:	cd bf       	out	0x3d, r28	; 61
     b06:	83 e0       	ldi	r24, 0x03	; 3
     b08:	89 83       	std	Y+1, r24	; 0x01
     b0a:	1a 82       	std	Y+2, r1	; 0x02
     b0c:	88 e0       	ldi	r24, 0x08	; 8
     b0e:	8b 83       	std	Y+3, r24	; 0x03
     b10:	1c 82       	std	Y+4, r1	; 0x04
     b12:	1d 82       	std	Y+5, r1	; 0x05
     b14:	1e 82       	std	Y+6, r1	; 0x06
     b16:	1f 82       	std	Y+7, r1	; 0x07
     b18:	18 86       	std	Y+8, r1	; 0x08
     b1a:	81 e0       	ldi	r24, 0x01	; 1
     b1c:	89 87       	std	Y+9, r24	; 0x09
     b1e:	1a 86       	std	Y+10, r1	; 0x0a
     b20:	8c e7       	ldi	r24, 0x7C	; 124
     b22:	8b 87       	std	Y+11, r24	; 0x0b
     b24:	85 e6       	ldi	r24, 0x65	; 101
     b26:	95 e0       	ldi	r25, 0x05	; 5
     b28:	0e 94 f8 10 	call	0x21f0	; 0x21f0 <T0_SetCompareCallBack>
     b2c:	ce 01       	movw	r24, r28
     b2e:	01 96       	adiw	r24, 0x01	; 1
     b30:	0e 94 bf 10 	call	0x217e	; 0x217e <T0_Init>
     b34:	e4 e7       	ldi	r30, 0x74	; 116
     b36:	f1 e0       	ldi	r31, 0x01	; 1

00000b38 <.L4>:
     b38:	10 82       	st	Z, r1
     b3a:	11 82       	std	Z+1, r1	; 0x01
     b3c:	12 82       	std	Z+2, r1	; 0x02
     b3e:	13 82       	std	Z+3, r1	; 0x03
     b40:	14 82       	std	Z+4, r1	; 0x04
     b42:	15 82       	std	Z+5, r1	; 0x05
     b44:	16 82       	std	Z+6, r1	; 0x06
     b46:	17 82       	std	Z+7, r1	; 0x07
     b48:	10 86       	std	Z+8, r1	; 0x08
     b4a:	11 86       	std	Z+9, r1	; 0x09
     b4c:	12 86       	std	Z+10, r1	; 0x0a
     b4e:	3b 96       	adiw	r30, 0x0b	; 11
     b50:	81 e0       	ldi	r24, 0x01	; 1
     b52:	e2 3e       	cpi	r30, 0xE2	; 226
     b54:	f8 07       	cpc	r31, r24
     b56:	81 f7       	brne	.-32     	; 0xb38 <.L4>
     b58:	2b 96       	adiw	r28, 0x0b	; 11
     b5a:	0f b6       	in	r0, 0x3f	; 63
     b5c:	f8 94       	cli
     b5e:	de bf       	out	0x3e, r29	; 62
     b60:	0f be       	out	0x3f, r0	; 63
     b62:	cd bf       	out	0x3d, r28	; 61
     b64:	df 91       	pop	r29
     b66:	cf 91       	pop	r28
     b68:	08 95       	ret

00000b6a <SCHED_GetTickCount>:
     b6a:	2f b7       	in	r18, 0x3f	; 63
     b6c:	8f b7       	in	r24, 0x3f	; 63
     b6e:	8f 77       	andi	r24, 0x7F	; 127
     b70:	8f bf       	out	0x3f, r24	; 63
     b72:	60 91 e2 01 	lds	r22, 0x01E2	; 0x8001e2 <SCHED_u32TickCounter>
     b76:	70 91 e3 01 	lds	r23, 0x01E3	; 0x8001e3 <SCHED_u32TickCounter+0x1>
     b7a:	80 91 e4 01 	lds	r24, 0x01E4	; 0x8001e4 <SCHED_u32TickCounter+0x2>
     b7e:	90 91 e5 01 	lds	r25, 0x01E5	; 0x8001e5 <SCHED_u32TickCounter+0x3>
     b82:	2f bf       	out	0x3f, r18	; 63
     b84:	08 95       	ret

00000b86 <SCHED_CheckElapsed>:
     b86:	af 92       	push	r10
     b88:	bf 92       	push	r11
     b8a:	cf 92       	push	r12
     b8c:	df 92       	push	r13
     b8e:	ef 92       	push	r14
     b90:	ff 92       	push	r15
     b92:	0f 93       	push	r16
     b94:	1f 93       	push	r17
     b96:	ef b7       	in	r30, 0x3f	; 63
     b98:	ff b7       	in	r31, 0x3f	; 63
     b9a:	ff 77       	andi	r31, 0x7F	; 127
     b9c:	ff bf       	out	0x3f, r31	; 63
     b9e:	e0 90 e2 01 	lds	r14, 0x01E2	; 0x8001e2 <SCHED_u32TickCounter>
     ba2:	f0 90 e3 01 	lds	r15, 0x01E3	; 0x8001e3 <SCHED_u32TickCounter+0x1>
     ba6:	00 91 e4 01 	lds	r16, 0x01E4	; 0x8001e4 <SCHED_u32TickCounter+0x2>
     baa:	10 91 e5 01 	lds	r17, 0x01E5	; 0x8001e5 <SCHED_u32TickCounter+0x3>
     bae:	ef bf       	out	0x3f, r30	; 63
     bb0:	57 01       	movw	r10, r14
     bb2:	68 01       	movw	r12, r16
     bb4:	a6 1a       	sub	r10, r22
     bb6:	b7 0a       	sbc	r11, r23
     bb8:	c8 0a       	sbc	r12, r24
     bba:	d9 0a       	sbc	r13, r25
     bbc:	c5 01       	movw	r24, r10
     bbe:	d6 01       	movw	r26, r12
     bc0:	61 e0       	ldi	r22, 0x01	; 1
     bc2:	82 17       	cp	r24, r18
     bc4:	93 07       	cpc	r25, r19
     bc6:	a4 07       	cpc	r26, r20
     bc8:	b5 07       	cpc	r27, r21
     bca:	08 f4       	brcc	.+2      	; 0xbce <.L8>
     bcc:	60 e0       	ldi	r22, 0x00	; 0

00000bce <.L8>:
     bce:	86 2f       	mov	r24, r22
     bd0:	1f 91       	pop	r17
     bd2:	0f 91       	pop	r16
     bd4:	ff 90       	pop	r15
     bd6:	ef 90       	pop	r14
     bd8:	df 90       	pop	r13
     bda:	cf 90       	pop	r12
     bdc:	bf 90       	pop	r11
     bde:	af 90       	pop	r10
     be0:	08 95       	ret

00000be2 <SCHED_RegisterTask>:
     be2:	dc 01       	movw	r26, r24
     be4:	ee e7       	ldi	r30, 0x7E	; 126
     be6:	f1 e0       	ldi	r31, 0x01	; 1
     be8:	20 e0       	ldi	r18, 0x00	; 0
     bea:	30 e0       	ldi	r19, 0x00	; 0

00000bec <.L12>:
     bec:	90 81       	ld	r25, Z
     bee:	91 11       	cpse	r25, r1
     bf0:	23 c0       	rjmp	.+70     	; 0xc38 <.L10>
     bf2:	82 2f       	mov	r24, r18
     bf4:	9b e0       	ldi	r25, 0x0B	; 11
     bf6:	92 9f       	mul	r25, r18
     bf8:	f0 01       	movw	r30, r0
     bfa:	93 9f       	mul	r25, r19
     bfc:	f0 0d       	add	r31, r0
     bfe:	11 24       	eor	r1, r1
     c00:	ec 58       	subi	r30, 0x8C	; 140
     c02:	fe 4f       	sbci	r31, 0xFE	; 254
     c04:	a0 83       	st	Z, r26
     c06:	b1 83       	std	Z+1, r27	; 0x01
     c08:	42 83       	std	Z+2, r20	; 0x02
     c0a:	53 83       	std	Z+3, r21	; 0x03
     c0c:	64 83       	std	Z+4, r22	; 0x04
     c0e:	75 83       	std	Z+5, r23	; 0x05
     c10:	2f b7       	in	r18, 0x3f	; 63
     c12:	9f b7       	in	r25, 0x3f	; 63
     c14:	9f 77       	andi	r25, 0x7F	; 127
     c16:	9f bf       	out	0x3f, r25	; 63
     c18:	40 91 e2 01 	lds	r20, 0x01E2	; 0x8001e2 <SCHED_u32TickCounter>
     c1c:	50 91 e3 01 	lds	r21, 0x01E3	; 0x8001e3 <SCHED_u32TickCounter+0x1>
     c20:	60 91 e4 01 	lds	r22, 0x01E4	; 0x8001e4 <SCHED_u32TickCounter+0x2>
     c24:	70 91 e5 01 	lds	r23, 0x01E5	; 0x8001e5 <SCHED_u32TickCounter+0x3>
     c28:	2f bf       	out	0x3f, r18	; 63
     c2a:	46 83       	std	Z+6, r20	; 0x06
     c2c:	57 83       	std	Z+7, r21	; 0x07
     c2e:	60 87       	std	Z+8, r22	; 0x08
     c30:	71 87       	std	Z+9, r23	; 0x09
     c32:	91 e0       	ldi	r25, 0x01	; 1
     c34:	92 87       	std	Z+10, r25	; 0x0a
     c36:	08 95       	ret

00000c38 <.L10>:
     c38:	2f 5f       	subi	r18, 0xFF	; 255
     c3a:	3f 4f       	sbci	r19, 0xFF	; 255
     c3c:	3b 96       	adiw	r30, 0x0b	; 11
     c3e:	2a 30       	cpi	r18, 0x0A	; 10
     c40:	31 05       	cpc	r19, r1
     c42:	a1 f6       	brne	.-88     	; 0xbec <.L12>
     c44:	8f ef       	ldi	r24, 0xFF	; 255
     c46:	08 95       	ret

00000c48 <SCHED_MainFunction>:
     c48:	0f 93       	push	r16
     c4a:	1f 93       	push	r17
     c4c:	cf 93       	push	r28
     c4e:	df 93       	push	r29
     c50:	c4 e7       	ldi	r28, 0x74	; 116
     c52:	d1 e0       	ldi	r29, 0x01	; 1
     c54:	05 c0       	rjmp	.+10     	; 0xc60 <.L18>

00000c56 <.L16>:
     c56:	2b 96       	adiw	r28, 0x0b	; 11
     c58:	81 e0       	ldi	r24, 0x01	; 1
     c5a:	c2 3e       	cpi	r28, 0xE2	; 226
     c5c:	d8 07       	cpc	r29, r24
     c5e:	d1 f1       	breq	.+116    	; 0xcd4 <.L20>

00000c60 <.L18>:
     c60:	8a 85       	ldd	r24, Y+10	; 0x0a
     c62:	81 30       	cpi	r24, 0x01	; 1
     c64:	c1 f7       	brne	.-16     	; 0xc56 <.L16>
     c66:	4a 81       	ldd	r20, Y+2	; 0x02
     c68:	5b 81       	ldd	r21, Y+3	; 0x03
     c6a:	6c 81       	ldd	r22, Y+4	; 0x04
     c6c:	7d 81       	ldd	r23, Y+5	; 0x05
     c6e:	0e 81       	ldd	r16, Y+6	; 0x06
     c70:	1f 81       	ldd	r17, Y+7	; 0x07
     c72:	28 85       	ldd	r18, Y+8	; 0x08
     c74:	39 85       	ldd	r19, Y+9	; 0x09
     c76:	ef b7       	in	r30, 0x3f	; 63
     c78:	8f b7       	in	r24, 0x3f	; 63
     c7a:	8f 77       	andi	r24, 0x7F	; 127
     c7c:	8f bf       	out	0x3f, r24	; 63
     c7e:	80 91 e2 01 	lds	r24, 0x01E2	; 0x8001e2 <SCHED_u32TickCounter>
     c82:	90 91 e3 01 	lds	r25, 0x01E3	; 0x8001e3 <SCHED_u32TickCounter+0x1>
     c86:	a0 91 e4 01 	lds	r26, 0x01E4	; 0x8001e4 <SCHED_u32TickCounter+0x2>
     c8a:	b0 91 e5 01 	lds	r27, 0x01E5	; 0x8001e5 <SCHED_u32TickCounter+0x3>
     c8e:	ef bf       	out	0x3f, r30	; 63
     c90:	80 1b       	sub	r24, r16
     c92:	91 0b       	sbc	r25, r17
     c94:	a2 0b       	sbc	r26, r18
     c96:	b3 0b       	sbc	r27, r19
     c98:	84 17       	cp	r24, r20
     c9a:	95 07       	cpc	r25, r21
     c9c:	a6 07       	cpc	r26, r22
     c9e:	b7 07       	cpc	r27, r23
     ca0:	d0 f2       	brcs	.-76     	; 0xc56 <.L16>
     ca2:	2f b7       	in	r18, 0x3f	; 63
     ca4:	8f b7       	in	r24, 0x3f	; 63
     ca6:	8f 77       	andi	r24, 0x7F	; 127
     ca8:	8f bf       	out	0x3f, r24	; 63
     caa:	80 91 e2 01 	lds	r24, 0x01E2	; 0x8001e2 <SCHED_u32TickCounter>
     cae:	90 91 e3 01 	lds	r25, 0x01E3	; 0x8001e3 <SCHED_u32TickCounter+0x1>
     cb2:	a0 91 e4 01 	lds	r26, 0x01E4	; 0x8001e4 <SCHED_u32TickCounter+0x2>
     cb6:	b0 91 e5 01 	lds	r27, 0x01E5	; 0x8001e5 <SCHED_u32TickCounter+0x3>
     cba:	2f bf       	out	0x3f, r18	; 63
     cbc:	8e 83       	std	Y+6, r24	; 0x06
     cbe:	9f 83       	std	Y+7, r25	; 0x07
     cc0:	a8 87       	std	Y+8, r26	; 0x08
     cc2:	b9 87       	std	Y+9, r27	; 0x09
     cc4:	e8 81       	ld	r30, Y
     cc6:	f9 81       	ldd	r31, Y+1	; 0x01
     cc8:	09 95       	icall
     cca:	2b 96       	adiw	r28, 0x0b	; 11
     ccc:	81 e0       	ldi	r24, 0x01	; 1
     cce:	c2 3e       	cpi	r28, 0xE2	; 226
     cd0:	d8 07       	cpc	r29, r24
     cd2:	31 f6       	brne	.-116    	; 0xc60 <.L18>

00000cd4 <.L20>:
     cd4:	df 91       	pop	r29
     cd6:	cf 91       	pop	r28
     cd8:	1f 91       	pop	r17
     cda:	0f 91       	pop	r16
     cdc:	08 95       	ret

00000cde <SM_vidShowMainMenu>:
     cde:	60 e0       	ldi	r22, 0x00	; 0
     ce0:	80 e0       	ldi	r24, 0x00	; 0
     ce2:	0e 94 97 0b 	call	0x172e	; 0x172e <LCD_MoveTo>
     ce6:	0e 94 15 08 	call	0x102a	; 0x102a <CFG_GetSystemMode>
     cea:	01 97       	sbiw	r24, 0x01	; 1
     cec:	61 f0       	breq	.+24     	; 0xd06 <.L5>
     cee:	81 ec       	ldi	r24, 0xC1	; 193
     cf0:	90 e0       	ldi	r25, 0x00	; 0
     cf2:	0e 94 62 0b 	call	0x16c4	; 0x16c4 <LCD_WriteString>
     cf6:	60 e0       	ldi	r22, 0x00	; 0
     cf8:	81 e0       	ldi	r24, 0x01	; 1
     cfa:	0e 94 97 0b 	call	0x172e	; 0x172e <LCD_MoveTo>
     cfe:	82 ed       	ldi	r24, 0xD2	; 210
     d00:	90 e0       	ldi	r25, 0x00	; 0
     d02:	0c 94 62 0b 	jmp	0x16c4	; 0x16c4 <LCD_WriteString>

00000d06 <.L5>:
     d06:	80 eb       	ldi	r24, 0xB0	; 176
     d08:	90 e0       	ldi	r25, 0x00	; 0
     d0a:	0e 94 62 0b 	call	0x16c4	; 0x16c4 <LCD_WriteString>
     d0e:	60 e0       	ldi	r22, 0x00	; 0
     d10:	81 e0       	ldi	r24, 0x01	; 1
     d12:	0e 94 97 0b 	call	0x172e	; 0x172e <LCD_MoveTo>
     d16:	82 ed       	ldi	r24, 0xD2	; 210
     d18:	90 e0       	ldi	r25, 0x00	; 0
     d1a:	0c 94 62 0b 	jmp	0x16c4	; 0x16c4 <LCD_WriteString>

00000d1e <SM_Init>:
     d1e:	10 92 eb 01 	sts	0x01EB, r1	; 0x8001eb <SM_CurrentState>
     d22:	10 92 ec 01 	sts	0x01EC, r1	; 0x8001ec <SM_CurrentState+0x1>
     d26:	60 e0       	ldi	r22, 0x00	; 0
     d28:	80 e0       	ldi	r24, 0x00	; 0
     d2a:	0e 94 97 0b 	call	0x172e	; 0x172e <LCD_MoveTo>
     d2e:	84 ee       	ldi	r24, 0xE4	; 228
     d30:	90 e0       	ldi	r25, 0x00	; 0
     d32:	0e 94 62 0b 	call	0x16c4	; 0x16c4 <LCD_WriteString>
     d36:	60 e0       	ldi	r22, 0x00	; 0
     d38:	81 e0       	ldi	r24, 0x01	; 1
     d3a:	0e 94 97 0b 	call	0x172e	; 0x172e <LCD_MoveTo>
     d3e:	85 ef       	ldi	r24, 0xF5	; 245
     d40:	90 e0       	ldi	r25, 0x00	; 0
     d42:	0e 94 62 0b 	call	0x16c4	; 0x16c4 <LCD_WriteString>
     d46:	10 92 e6 01 	sts	0x01E6, r1	; 0x8001e6 <SM_u8PasswordEntryIdx>
     d4a:	08 95       	ret

00000d4c <SM_MainFunction>:
     d4c:	cf 93       	push	r28
     d4e:	0e 94 06 09 	call	0x120c	; 0x120c <KPD_GetPressedKey>
     d52:	c8 2f       	mov	r28, r24
     d54:	8f 3f       	cpi	r24, 0xFF	; 255
     d56:	99 f1       	breq	.+102    	; 0xdbe <.L9>
     d58:	80 91 60 00 	lds	r24, 0x0060	; 0x800060 <SM_u8PreviousKey>
     d5c:	8c 17       	cp	r24, r28
     d5e:	79 f1       	breq	.+94     	; 0xdbe <.L9>
     d60:	80 91 eb 01 	lds	r24, 0x01EB	; 0x8001eb <SM_CurrentState>
     d64:	90 91 ec 01 	lds	r25, 0x01EC	; 0x8001ec <SM_CurrentState+0x1>
     d68:	81 30       	cpi	r24, 0x01	; 1
     d6a:	91 05       	cpc	r25, r1
     d6c:	60 f5       	brcc	.+88     	; 0xdc6 <.L11>
     d6e:	c3 34       	cpi	r28, 0x43	; 67
     d70:	09 f4       	brne	.+2      	; 0xd74 <L0^A+0x2>

00000d72 <L0^A>:
     d72:	5c c0       	rjmp	.+184    	; 0xe2c <.L28>
     d74:	80 ed       	ldi	r24, 0xD0	; 208
     d76:	8c 0f       	add	r24, r28
     d78:	8a 30       	cpi	r24, 0x0A	; 10
     d7a:	08 f5       	brcc	.+66     	; 0xdbe <.L9>
     d7c:	80 91 e6 01 	lds	r24, 0x01E6	; 0x8001e6 <SM_u8PasswordEntryIdx>
     d80:	84 30       	cpi	r24, 0x04	; 4
     d82:	e8 f4       	brcc	.+58     	; 0xdbe <.L9>
     d84:	e8 2f       	mov	r30, r24
     d86:	f0 e0       	ldi	r31, 0x00	; 0
     d88:	e9 51       	subi	r30, 0x19	; 25
     d8a:	fe 4f       	sbci	r31, 0xFE	; 254
     d8c:	c0 83       	st	Z, r28
     d8e:	8f 5f       	subi	r24, 0xFF	; 255
     d90:	80 93 e6 01 	sts	0x01E6, r24	; 0x8001e6 <SM_u8PasswordEntryIdx>
     d94:	84 30       	cpi	r24, 0x04	; 4
     d96:	99 f4       	brne	.+38     	; 0xdbe <.L9>
     d98:	87 ee       	ldi	r24, 0xE7	; 231
     d9a:	91 e0       	ldi	r25, 0x01	; 1
     d9c:	0e 94 ef 00 	call	0x1de	; 0x1de <AUTH_VerifyPassword>
     da0:	00 97       	sbiw	r24, 0x00	; 0
     da2:	11 f1       	breq	.+68     	; 0xde8 <.L24>
     da4:	60 e0       	ldi	r22, 0x00	; 0
     da6:	02 97       	sbiw	r24, 0x02	; 2
     da8:	09 f4       	brne	.+2      	; 0xdac <L0^A+0x2>

00000daa <L0^A>:
     daa:	81 c0       	rjmp	.+258    	; 0xeae <.L29>
     dac:	81 e0       	ldi	r24, 0x01	; 1
     dae:	0e 94 97 0b 	call	0x172e	; 0x172e <LCD_MoveTo>
     db2:	87 e1       	ldi	r24, 0x17	; 23
     db4:	91 e0       	ldi	r25, 0x01	; 1
     db6:	0e 94 62 0b 	call	0x16c4	; 0x16c4 <LCD_WriteString>
     dba:	10 92 e6 01 	sts	0x01E6, r1	; 0x8001e6 <SM_u8PasswordEntryIdx>

00000dbe <.L9>:
     dbe:	c0 93 60 00 	sts	0x0060, r28	; 0x800060 <SM_u8PreviousKey>
     dc2:	cf 91       	pop	r28
     dc4:	08 95       	ret

00000dc6 <.L11>:
     dc6:	c1 f0       	breq	.+48     	; 0xdf8 <.L30>
     dc8:	02 97       	sbiw	r24, 0x02	; 2
     dca:	c9 f7       	brne	.-14     	; 0xdbe <.L9>
     dcc:	c1 33       	cpi	r28, 0x31	; 49
     dce:	09 f4       	brne	.+2      	; 0xdd2 <L0^A+0x2>

00000dd0 <L0^A>:
     dd0:	55 c0       	rjmp	.+170    	; 0xe7c <.L31>
     dd2:	c2 33       	cpi	r28, 0x32	; 50
     dd4:	09 f4       	brne	.+2      	; 0xdd8 <L0^A+0x2>

00000dd6 <L0^A>:
     dd6:	57 c0       	rjmp	.+174    	; 0xe86 <.L32>
     dd8:	c3 33       	cpi	r28, 0x33	; 51
     dda:	09 f4       	brne	.+2      	; 0xdde <L0^A+0x2>

00000ddc <L0^A>:
     ddc:	5e c0       	rjmp	.+188    	; 0xe9a <.L33>
     dde:	c4 33       	cpi	r28, 0x34	; 52
     de0:	09 f4       	brne	.+2      	; 0xde4 <L0^A+0x2>

00000de2 <L0^A>:
     de2:	60 c0       	rjmp	.+192    	; 0xea4 <.L34>
     de4:	c3 34       	cpi	r28, 0x43	; 67
     de6:	59 f7       	brne	.-42     	; 0xdbe <.L9>

00000de8 <.L24>:
     de8:	81 e0       	ldi	r24, 0x01	; 1
     dea:	80 93 eb 01 	sts	0x01EB, r24	; 0x8001eb <SM_CurrentState>
     dee:	10 92 ec 01 	sts	0x01EC, r1	; 0x8001ec <SM_CurrentState+0x1>
     df2:	0e 94 6f 06 	call	0xcde	; 0xcde <SM_vidShowMainMenu>
     df6:	e3 cf       	rjmp	.-58     	; 0xdbe <.L9>

00000df8 <.L30>:
     df8:	ca 32       	cpi	r28, 0x2A	; 42
     dfa:	89 f1       	breq	.+98     	; 0xe5e <.L35>
     dfc:	cf 32       	cpi	r28, 0x2F	; 47
     dfe:	c9 f0       	breq	.+50     	; 0xe32 <.L36>
     e00:	c3 34       	cpi	r28, 0x43	; 67
     e02:	e9 f6       	brne	.-70     	; 0xdbe <.L9>
     e04:	10 92 eb 01 	sts	0x01EB, r1	; 0x8001eb <SM_CurrentState>
     e08:	10 92 ec 01 	sts	0x01EC, r1	; 0x8001ec <SM_CurrentState+0x1>
     e0c:	60 e0       	ldi	r22, 0x00	; 0
     e0e:	80 e0       	ldi	r24, 0x00	; 0
     e10:	0e 94 97 0b 	call	0x172e	; 0x172e <LCD_MoveTo>
     e14:	84 ee       	ldi	r24, 0xE4	; 228
     e16:	90 e0       	ldi	r25, 0x00	; 0
     e18:	0e 94 62 0b 	call	0x16c4	; 0x16c4 <LCD_WriteString>
     e1c:	60 e0       	ldi	r22, 0x00	; 0
     e1e:	81 e0       	ldi	r24, 0x01	; 1
     e20:	0e 94 97 0b 	call	0x172e	; 0x172e <LCD_MoveTo>
     e24:	85 ef       	ldi	r24, 0xF5	; 245
     e26:	90 e0       	ldi	r25, 0x00	; 0
     e28:	0e 94 62 0b 	call	0x16c4	; 0x16c4 <LCD_WriteString>

00000e2c <.L28>:
     e2c:	10 92 e6 01 	sts	0x01E6, r1	; 0x8001e6 <SM_u8PasswordEntryIdx>
     e30:	c6 cf       	rjmp	.-116    	; 0xdbe <.L9>

00000e32 <.L36>:
     e32:	82 e0       	ldi	r24, 0x02	; 2
     e34:	80 93 eb 01 	sts	0x01EB, r24	; 0x8001eb <SM_CurrentState>
     e38:	10 92 ec 01 	sts	0x01EC, r1	; 0x8001ec <SM_CurrentState+0x1>
     e3c:	60 e0       	ldi	r22, 0x00	; 0
     e3e:	80 e0       	ldi	r24, 0x00	; 0
     e40:	0e 94 97 0b 	call	0x172e	; 0x172e <LCD_MoveTo>
     e44:	88 e2       	ldi	r24, 0x28	; 40
     e46:	91 e0       	ldi	r25, 0x01	; 1
     e48:	0e 94 62 0b 	call	0x16c4	; 0x16c4 <LCD_WriteString>
     e4c:	60 e0       	ldi	r22, 0x00	; 0
     e4e:	81 e0       	ldi	r24, 0x01	; 1
     e50:	0e 94 97 0b 	call	0x172e	; 0x172e <LCD_MoveTo>
     e54:	8b e3       	ldi	r24, 0x3B	; 59
     e56:	91 e0       	ldi	r25, 0x01	; 1
     e58:	0e 94 62 0b 	call	0x16c4	; 0x16c4 <LCD_WriteString>
     e5c:	b0 cf       	rjmp	.-160    	; 0xdbe <.L9>

00000e5e <.L35>:
     e5e:	0e 94 15 08 	call	0x102a	; 0x102a <CFG_GetSystemMode>
     e62:	89 2b       	or	r24, r25
     e64:	a9 f4       	brne	.+42     	; 0xe90 <.L17>
     e66:	81 e0       	ldi	r24, 0x01	; 1
     e68:	90 e0       	ldi	r25, 0x00	; 0
     e6a:	0e 94 0c 08 	call	0x1018	; 0x1018 <CFG_SetSystemMode>

00000e6e <.L18>:
     e6e:	89 e0       	ldi	r24, 0x09	; 9
     e70:	90 e0       	ldi	r25, 0x00	; 0
     e72:	0e 94 ce 01 	call	0x39c	; 0x39c <LOG_Event>
     e76:	0e 94 6f 06 	call	0xcde	; 0xcde <SM_vidShowMainMenu>
     e7a:	a1 cf       	rjmp	.-190    	; 0xdbe <.L9>

00000e7c <.L31>:
     e7c:	80 e0       	ldi	r24, 0x00	; 0
     e7e:	90 e0       	ldi	r25, 0x00	; 0
     e80:	0e 94 ea 02 	call	0x5d4	; 0x5d4 <ModeCtrl_ManualToggleDevice>
     e84:	9c cf       	rjmp	.-200    	; 0xdbe <.L9>

00000e86 <.L32>:
     e86:	81 e0       	ldi	r24, 0x01	; 1
     e88:	90 e0       	ldi	r25, 0x00	; 0
     e8a:	0e 94 ea 02 	call	0x5d4	; 0x5d4 <ModeCtrl_ManualToggleDevice>
     e8e:	97 cf       	rjmp	.-210    	; 0xdbe <.L9>

00000e90 <.L17>:
     e90:	80 e0       	ldi	r24, 0x00	; 0
     e92:	90 e0       	ldi	r25, 0x00	; 0
     e94:	0e 94 0c 08 	call	0x1018	; 0x1018 <CFG_SetSystemMode>
     e98:	ea cf       	rjmp	.-44     	; 0xe6e <.L18>

00000e9a <.L33>:
     e9a:	82 e0       	ldi	r24, 0x02	; 2
     e9c:	90 e0       	ldi	r25, 0x00	; 0
     e9e:	0e 94 ea 02 	call	0x5d4	; 0x5d4 <ModeCtrl_ManualToggleDevice>
     ea2:	8d cf       	rjmp	.-230    	; 0xdbe <.L9>

00000ea4 <.L34>:
     ea4:	83 e0       	ldi	r24, 0x03	; 3
     ea6:	90 e0       	ldi	r25, 0x00	; 0
     ea8:	0e 94 ea 02 	call	0x5d4	; 0x5d4 <ModeCtrl_ManualToggleDevice>
     eac:	88 cf       	rjmp	.-240    	; 0xdbe <.L9>

00000eae <.L29>:
     eae:	81 e0       	ldi	r24, 0x01	; 1
     eb0:	0e 94 97 0b 	call	0x172e	; 0x172e <LCD_MoveTo>
     eb4:	86 e0       	ldi	r24, 0x06	; 6
     eb6:	91 e0       	ldi	r25, 0x01	; 1
     eb8:	0e 94 62 0b 	call	0x16c4	; 0x16c4 <LCD_WriteString>
     ebc:	10 92 e6 01 	sts	0x01E6, r1	; 0x8001e6 <SM_u8PasswordEntryIdx>
     ec0:	7e cf       	rjmp	.-260    	; 0xdbe <.L9>

00000ec2 <CFG_Init>:
     ec2:	cf 93       	push	r28
     ec4:	df 93       	push	r29
     ec6:	00 d0       	rcall	.+0      	; 0xec8 <L0^A>

00000ec8 <L0^A>:
     ec8:	cd b7       	in	r28, 0x3d	; 61
     eca:	de b7       	in	r29, 0x3e	; 62
     ecc:	be 01       	movw	r22, r28
     ece:	6e 5f       	subi	r22, 0xFE	; 254
     ed0:	7f 4f       	sbci	r23, 0xFF	; 255
     ed2:	84 e0       	ldi	r24, 0x04	; 4
     ed4:	90 e0       	ldi	r25, 0x00	; 0
     ed6:	0e 94 59 0f 	call	0x1eb2	; 0x1eb2 <EEPROM_ReadByte>
     eda:	8a 81       	ldd	r24, Y+2	; 0x02
     edc:	8f 3f       	cpi	r24, 0xFF	; 255
     ede:	59 f1       	breq	.+86     	; 0xf36 <.L5>
     ee0:	6d ee       	ldi	r22, 0xED	; 237
     ee2:	71 e0       	ldi	r23, 0x01	; 1
     ee4:	84 e0       	ldi	r24, 0x04	; 4
     ee6:	90 e0       	ldi	r25, 0x00	; 0
     ee8:	0e 94 59 0f 	call	0x1eb2	; 0x1eb2 <EEPROM_ReadByte>
     eec:	42 e0       	ldi	r20, 0x02	; 2
     eee:	50 e0       	ldi	r21, 0x00	; 0
     ef0:	6e ee       	ldi	r22, 0xEE	; 238
     ef2:	71 e0       	ldi	r23, 0x01	; 1
     ef4:	85 e0       	ldi	r24, 0x05	; 5
     ef6:	90 e0       	ldi	r25, 0x00	; 0
     ef8:	0e 94 90 0f 	call	0x1f20	; 0x1f20 <EEPROM_ReadBlock>
     efc:	be 01       	movw	r22, r28
     efe:	6f 5f       	subi	r22, 0xFF	; 255
     f00:	7f 4f       	sbci	r23, 0xFF	; 255
     f02:	80 e4       	ldi	r24, 0x40	; 64
     f04:	90 e0       	ldi	r25, 0x00	; 0
     f06:	0e 94 59 0f 	call	0x1eb2	; 0x1eb2 <EEPROM_ReadByte>
     f0a:	89 81       	ldd	r24, Y+1	; 0x01
     f0c:	90 e0       	ldi	r25, 0x00	; 0
     f0e:	80 93 f0 01 	sts	0x01F0, r24	; 0x8001f0 <CFG_Cache+0x3>
     f12:	10 92 f1 01 	sts	0x01F1, r1	; 0x8001f1 <CFG_Cache+0x4>
     f16:	be 01       	movw	r22, r28
     f18:	6f 5f       	subi	r22, 0xFF	; 255
     f1a:	7f 4f       	sbci	r23, 0xFF	; 255
     f1c:	80 e3       	ldi	r24, 0x30	; 48
     f1e:	0e 94 59 0f 	call	0x1eb2	; 0x1eb2 <EEPROM_ReadByte>
     f22:	89 81       	ldd	r24, Y+1	; 0x01
     f24:	80 93 f2 01 	sts	0x01F2, r24	; 0x8001f2 <CFG_Cache+0x5>
     f28:	10 92 f3 01 	sts	0x01F3, r1	; 0x8001f3 <CFG_Cache+0x6>
     f2c:	0f 90       	pop	r0
     f2e:	0f 90       	pop	r0
     f30:	df 91       	pop	r29
     f32:	cf 91       	pop	r28
     f34:	08 95       	ret

00000f36 <.L5>:
     f36:	8e e1       	ldi	r24, 0x1E	; 30
     f38:	80 93 ed 01 	sts	0x01ED, r24	; 0x8001ed <CFG_Cache>
     f3c:	88 e2       	ldi	r24, 0x28	; 40
     f3e:	90 e0       	ldi	r25, 0x00	; 0
     f40:	80 93 ee 01 	sts	0x01EE, r24	; 0x8001ee <CFG_Cache+0x1>
     f44:	10 92 ef 01 	sts	0x01EF, r1	; 0x8001ef <CFG_Cache+0x2>
     f48:	81 e0       	ldi	r24, 0x01	; 1
     f4a:	80 93 f0 01 	sts	0x01F0, r24	; 0x8001f0 <CFG_Cache+0x3>
     f4e:	10 92 f1 01 	sts	0x01F1, r1	; 0x8001f1 <CFG_Cache+0x4>
     f52:	10 92 f2 01 	sts	0x01F2, r1	; 0x8001f2 <CFG_Cache+0x5>
     f56:	10 92 f3 01 	sts	0x01F3, r1	; 0x8001f3 <CFG_Cache+0x6>
     f5a:	6e e1       	ldi	r22, 0x1E	; 30
     f5c:	84 e0       	ldi	r24, 0x04	; 4
     f5e:	0e 94 49 0f 	call	0x1e92	; 0x1e92 <EEPROM_WriteByte>
     f62:	42 e0       	ldi	r20, 0x02	; 2
     f64:	50 e0       	ldi	r21, 0x00	; 0
     f66:	6e ee       	ldi	r22, 0xEE	; 238
     f68:	71 e0       	ldi	r23, 0x01	; 1
     f6a:	85 e0       	ldi	r24, 0x05	; 5
     f6c:	90 e0       	ldi	r25, 0x00	; 0
     f6e:	0e 94 68 0f 	call	0x1ed0	; 0x1ed0 <EEPROM_WriteBlock>
     f72:	60 91 f0 01 	lds	r22, 0x01F0	; 0x8001f0 <CFG_Cache+0x3>
     f76:	80 e4       	ldi	r24, 0x40	; 64
     f78:	90 e0       	ldi	r25, 0x00	; 0
     f7a:	0e 94 49 0f 	call	0x1e92	; 0x1e92 <EEPROM_WriteByte>
     f7e:	60 91 f2 01 	lds	r22, 0x01F2	; 0x8001f2 <CFG_Cache+0x5>
     f82:	80 e3       	ldi	r24, 0x30	; 48
     f84:	90 e0       	ldi	r25, 0x00	; 0
     f86:	0e 94 49 0f 	call	0x1e92	; 0x1e92 <EEPROM_WriteByte>
     f8a:	0f 90       	pop	r0
     f8c:	0f 90       	pop	r0
     f8e:	df 91       	pop	r29
     f90:	cf 91       	pop	r28
     f92:	08 95       	ret

00000f94 <CFG_SetTempThreshold>:
     f94:	85 36       	cpi	r24, 0x65	; 101
     f96:	08 f0       	brcs	.+2      	; 0xf9a <.L8>
     f98:	08 95       	ret

00000f9a <.L8>:
     f9a:	80 93 ed 01 	sts	0x01ED, r24	; 0x8001ed <CFG_Cache>
     f9e:	68 2f       	mov	r22, r24
     fa0:	84 e0       	ldi	r24, 0x04	; 4
     fa2:	90 e0       	ldi	r25, 0x00	; 0
     fa4:	0c 94 49 0f 	jmp	0x1e92	; 0x1e92 <EEPROM_WriteByte>

00000fa8 <CFG_GetTempThreshold>:
     fa8:	80 91 ed 01 	lds	r24, 0x01ED	; 0x8001ed <CFG_Cache>
     fac:	08 95       	ret

00000fae <CFG_SetLightThreshold>:
     fae:	cf 93       	push	r28
     fb0:	df 93       	push	r29
     fb2:	00 d0       	rcall	.+0      	; 0xfb4 <L0^A>

00000fb4 <L0^A>:
     fb4:	cd b7       	in	r28, 0x3d	; 61
     fb6:	de b7       	in	r29, 0x3e	; 62
     fb8:	9c 01       	movw	r18, r24
     fba:	89 83       	std	Y+1, r24	; 0x01
     fbc:	9a 83       	std	Y+2, r25	; 0x02
     fbe:	85 36       	cpi	r24, 0x65	; 101
     fc0:	91 05       	cpc	r25, r1
     fc2:	28 f0       	brcs	.+10     	; 0xfce <.L12>
     fc4:	0f 90       	pop	r0
     fc6:	0f 90       	pop	r0
     fc8:	df 91       	pop	r29
     fca:	cf 91       	pop	r28
     fcc:	08 95       	ret

00000fce <.L12>:
     fce:	80 93 ee 01 	sts	0x01EE, r24	; 0x8001ee <CFG_Cache+0x1>
     fd2:	30 93 ef 01 	sts	0x01EF, r19	; 0x8001ef <CFG_Cache+0x2>
     fd6:	42 e0       	ldi	r20, 0x02	; 2
     fd8:	50 e0       	ldi	r21, 0x00	; 0
     fda:	be 01       	movw	r22, r28
     fdc:	6f 5f       	subi	r22, 0xFF	; 255
     fde:	7f 4f       	sbci	r23, 0xFF	; 255
     fe0:	85 e0       	ldi	r24, 0x05	; 5
     fe2:	90 e0       	ldi	r25, 0x00	; 0
     fe4:	0e 94 68 0f 	call	0x1ed0	; 0x1ed0 <EEPROM_WriteBlock>
     fe8:	0f 90       	pop	r0
     fea:	0f 90       	pop	r0
     fec:	df 91       	pop	r29
     fee:	cf 91       	pop	r28
     ff0:	08 95       	ret

00000ff2 <CFG_GetLightThreshold>:
     ff2:	80 91 ee 01 	lds	r24, 0x01EE	; 0x8001ee <CFG_Cache+0x1>
     ff6:	90 91 ef 01 	lds	r25, 0x01EF	; 0x8001ef <CFG_Cache+0x2>
     ffa:	08 95       	ret

00000ffc <CFG_SetAlarmEnable>:
     ffc:	80 93 f0 01 	sts	0x01F0, r24	; 0x8001f0 <CFG_Cache+0x3>
    1000:	90 93 f1 01 	sts	0x01F1, r25	; 0x8001f1 <CFG_Cache+0x4>
    1004:	68 2f       	mov	r22, r24
    1006:	80 e4       	ldi	r24, 0x40	; 64
    1008:	90 e0       	ldi	r25, 0x00	; 0
    100a:	0c 94 49 0f 	jmp	0x1e92	; 0x1e92 <EEPROM_WriteByte>

0000100e <CFG_GetAlarmEnable>:
    100e:	80 91 f0 01 	lds	r24, 0x01F0	; 0x8001f0 <CFG_Cache+0x3>
    1012:	90 91 f1 01 	lds	r25, 0x01F1	; 0x8001f1 <CFG_Cache+0x4>
    1016:	08 95       	ret

00001018 <CFG_SetSystemMode>:
    1018:	80 93 f2 01 	sts	0x01F2, r24	; 0x8001f2 <CFG_Cache+0x5>
    101c:	90 93 f3 01 	sts	0x01F3, r25	; 0x8001f3 <CFG_Cache+0x6>
    1020:	68 2f       	mov	r22, r24
    1022:	80 e3       	ldi	r24, 0x30	; 48
    1024:	90 e0       	ldi	r25, 0x00	; 0
    1026:	0c 94 49 0f 	jmp	0x1e92	; 0x1e92 <EEPROM_WriteByte>

0000102a <CFG_GetSystemMode>:
    102a:	80 91 f2 01 	lds	r24, 0x01F2	; 0x8001f2 <CFG_Cache+0x5>
    102e:	90 91 f3 01 	lds	r25, 0x01F3	; 0x8001f3 <CFG_Cache+0x6>
    1032:	08 95       	ret

00001034 <Btn_Init>:
    1034:	cf 93       	push	r28
    1036:	df 93       	push	r29
    1038:	00 d0       	rcall	.+0      	; 0x103a <L0^A>

0000103a <L0^A>:
    103a:	0f 92       	push	r0
    103c:	cd b7       	in	r28, 0x3d	; 61
    103e:	de b7       	in	r29, 0x3e	; 62
    1040:	89 83       	std	Y+1, r24	; 0x01
    1042:	6a 83       	std	Y+2, r22	; 0x02
    1044:	4b 83       	std	Y+3, r20	; 0x03
    1046:	40 e0       	ldi	r20, 0x00	; 0
    1048:	0e 94 33 0e 	call	0x1c66	; 0x1c66 <DIO_DirectionSelectforPin>
    104c:	8b 81       	ldd	r24, Y+3	; 0x03
    104e:	41 e0       	ldi	r20, 0x01	; 1
    1050:	81 15       	cp	r24, r1
    1052:	59 f0       	breq	.+22     	; 0x106a <.L4>
    1054:	8b 81       	ldd	r24, Y+3	; 0x03
    1056:	81 50       	subi	r24, 0x01	; 1
    1058:	82 30       	cpi	r24, 0x02	; 2
    105a:	30 f0       	brcs	.+12     	; 0x1068 <.L6>
    105c:	0f 90       	pop	r0
    105e:	0f 90       	pop	r0
    1060:	0f 90       	pop	r0
    1062:	df 91       	pop	r29
    1064:	cf 91       	pop	r28
    1066:	08 95       	ret

00001068 <.L6>:
    1068:	40 e0       	ldi	r20, 0x00	; 0

0000106a <.L4>:
    106a:	6a 81       	ldd	r22, Y+2	; 0x02
    106c:	89 81       	ldd	r24, Y+1	; 0x01
    106e:	0f 90       	pop	r0
    1070:	0f 90       	pop	r0
    1072:	0f 90       	pop	r0
    1074:	df 91       	pop	r29
    1076:	cf 91       	pop	r28
    1078:	0c 94 81 0e 	jmp	0x1d02	; 0x1d02 <DIO_WritePin>

0000107c <Btn_ReadState>:
    107c:	cf 93       	push	r28
    107e:	df 93       	push	r29
    1080:	0f 92       	push	r0
    1082:	cd b7       	in	r28, 0x3d	; 61
    1084:	de b7       	in	r29, 0x3e	; 62
    1086:	9f ef       	ldi	r25, 0xFF	; 255
    1088:	99 83       	std	Y+1, r25	; 0x01
    108a:	43 30       	cpi	r20, 0x03	; 3
    108c:	28 f0       	brcs	.+10     	; 0x1098 <.L10>
    108e:	8f ef       	ldi	r24, 0xFF	; 255
    1090:	0f 90       	pop	r0
    1092:	df 91       	pop	r29
    1094:	cf 91       	pop	r28
    1096:	08 95       	ret

00001098 <.L10>:
    1098:	ae 01       	movw	r20, r28
    109a:	4f 5f       	subi	r20, 0xFF	; 255
    109c:	5f 4f       	sbci	r21, 0xFF	; 255
    109e:	0e 94 cf 0e 	call	0x1d9e	; 0x1d9e <DIO_ReadPin>
    10a2:	89 81       	ldd	r24, Y+1	; 0x01
    10a4:	0f 90       	pop	r0
    10a6:	df 91       	pop	r29
    10a8:	cf 91       	pop	r28
    10aa:	08 95       	ret

000010ac <Buzzer_Init>:
    10ac:	cf 93       	push	r28
    10ae:	df 93       	push	r29
    10b0:	00 d0       	rcall	.+0      	; 0x10b2 <L0^A>

000010b2 <L0^A>:
    10b2:	cd b7       	in	r28, 0x3d	; 61
    10b4:	de b7       	in	r29, 0x3e	; 62
    10b6:	89 83       	std	Y+1, r24	; 0x01
    10b8:	6a 83       	std	Y+2, r22	; 0x02
    10ba:	41 e0       	ldi	r20, 0x01	; 1
    10bc:	0e 94 33 0e 	call	0x1c66	; 0x1c66 <DIO_DirectionSelectforPin>
    10c0:	40 e0       	ldi	r20, 0x00	; 0
    10c2:	6a 81       	ldd	r22, Y+2	; 0x02
    10c4:	89 81       	ldd	r24, Y+1	; 0x01
    10c6:	0f 90       	pop	r0
    10c8:	0f 90       	pop	r0
    10ca:	df 91       	pop	r29
    10cc:	cf 91       	pop	r28
    10ce:	0c 94 81 0e 	jmp	0x1d02	; 0x1d02 <DIO_WritePin>

000010d2 <Buzzer_On>:
    10d2:	41 e0       	ldi	r20, 0x01	; 1
    10d4:	0c 94 81 0e 	jmp	0x1d02	; 0x1d02 <DIO_WritePin>

000010d8 <Buzzer_Off>:
    10d8:	40 e0       	ldi	r20, 0x00	; 0
    10da:	0c 94 81 0e 	jmp	0x1d02	; 0x1d02 <DIO_WritePin>

000010de <DCMotor_Init>:
    10de:	cf 93       	push	r28
    10e0:	df 93       	push	r29
    10e2:	00 d0       	rcall	.+0      	; 0x10e4 <L0^A>

000010e4 <L0^A>:
    10e4:	0f 92       	push	r0
    10e6:	cd b7       	in	r28, 0x3d	; 61
    10e8:	de b7       	in	r29, 0x3e	; 62
    10ea:	89 83       	std	Y+1, r24	; 0x01
    10ec:	6a 83       	std	Y+2, r22	; 0x02
    10ee:	4b 83       	std	Y+3, r20	; 0x03
    10f0:	41 e0       	ldi	r20, 0x01	; 1
    10f2:	0e 94 33 0e 	call	0x1c66	; 0x1c66 <DIO_DirectionSelectforPin>
    10f6:	41 e0       	ldi	r20, 0x01	; 1
    10f8:	6b 81       	ldd	r22, Y+3	; 0x03
    10fa:	89 81       	ldd	r24, Y+1	; 0x01
    10fc:	0e 94 33 0e 	call	0x1c66	; 0x1c66 <DIO_DirectionSelectforPin>
    1100:	40 e0       	ldi	r20, 0x00	; 0
    1102:	6a 81       	ldd	r22, Y+2	; 0x02
    1104:	89 81       	ldd	r24, Y+1	; 0x01
    1106:	0e 94 81 0e 	call	0x1d02	; 0x1d02 <DIO_WritePin>
    110a:	40 e0       	ldi	r20, 0x00	; 0
    110c:	6b 81       	ldd	r22, Y+3	; 0x03
    110e:	89 81       	ldd	r24, Y+1	; 0x01
    1110:	0f 90       	pop	r0
    1112:	0f 90       	pop	r0
    1114:	0f 90       	pop	r0
    1116:	df 91       	pop	r29
    1118:	cf 91       	pop	r28
    111a:	0c 94 81 0e 	jmp	0x1d02	; 0x1d02 <DIO_WritePin>

0000111e <DCMotor_SetState>:
    111e:	cf 93       	push	r28
    1120:	df 93       	push	r29
    1122:	00 d0       	rcall	.+0      	; 0x1124 <L0^A>

00001124 <L0^A>:
    1124:	cd b7       	in	r28, 0x3d	; 61
    1126:	de b7       	in	r29, 0x3e	; 62
    1128:	89 83       	std	Y+1, r24	; 0x01
    112a:	4a 83       	std	Y+2, r20	; 0x02
    112c:	21 30       	cpi	r18, 0x01	; 1
    112e:	58 f0       	brcs	.+22     	; 0x1146 <.L10>
    1130:	19 f1       	breq	.+70     	; 0x1178 <.L11>
    1132:	40 e0       	ldi	r20, 0x00	; 0
    1134:	22 30       	cpi	r18, 0x02	; 2
    1136:	a1 f0       	breq	.+40     	; 0x1160 <.L9>
    1138:	23 30       	cpi	r18, 0x03	; 3
    113a:	89 f0       	breq	.+34     	; 0x115e <.L12>
    113c:	0f 90       	pop	r0
    113e:	0f 90       	pop	r0
    1140:	df 91       	pop	r29
    1142:	cf 91       	pop	r28
    1144:	08 95       	ret

00001146 <.L10>:
    1146:	40 e0       	ldi	r20, 0x00	; 0
    1148:	0e 94 81 0e 	call	0x1d02	; 0x1d02 <DIO_WritePin>
    114c:	40 e0       	ldi	r20, 0x00	; 0
    114e:	6a 81       	ldd	r22, Y+2	; 0x02
    1150:	89 81       	ldd	r24, Y+1	; 0x01
    1152:	0f 90       	pop	r0
    1154:	0f 90       	pop	r0
    1156:	df 91       	pop	r29
    1158:	cf 91       	pop	r28
    115a:	0c 94 81 0e 	jmp	0x1d02	; 0x1d02 <DIO_WritePin>

0000115e <.L12>:
    115e:	41 e0       	ldi	r20, 0x01	; 1

00001160 <.L9>:
    1160:	89 81       	ldd	r24, Y+1	; 0x01
    1162:	0e 94 81 0e 	call	0x1d02	; 0x1d02 <DIO_WritePin>
    1166:	41 e0       	ldi	r20, 0x01	; 1
    1168:	6a 81       	ldd	r22, Y+2	; 0x02
    116a:	89 81       	ldd	r24, Y+1	; 0x01
    116c:	0f 90       	pop	r0
    116e:	0f 90       	pop	r0
    1170:	df 91       	pop	r29
    1172:	cf 91       	pop	r28
    1174:	0c 94 81 0e 	jmp	0x1d02	; 0x1d02 <DIO_WritePin>

00001178 <.L11>:
    1178:	41 e0       	ldi	r20, 0x01	; 1
    117a:	89 81       	ldd	r24, Y+1	; 0x01
    117c:	0e 94 81 0e 	call	0x1d02	; 0x1d02 <DIO_WritePin>
    1180:	40 e0       	ldi	r20, 0x00	; 0
    1182:	6a 81       	ldd	r22, Y+2	; 0x02
    1184:	89 81       	ldd	r24, Y+1	; 0x01
    1186:	0f 90       	pop	r0
    1188:	0f 90       	pop	r0
    118a:	df 91       	pop	r29
    118c:	cf 91       	pop	r28
    118e:	0c 94 81 0e 	jmp	0x1d02	; 0x1d02 <DIO_WritePin>

00001192 <KPD_Init>:
    1192:	ef 92       	push	r14
    1194:	ff 92       	push	r15
    1196:	0f 93       	push	r16
    1198:	1f 93       	push	r17
    119a:	cf 93       	push	r28
    119c:	df 93       	push	r29
    119e:	c1 e8       	ldi	r28, 0x81	; 129
    11a0:	d0 e0       	ldi	r29, 0x00	; 0
    11a2:	9d e7       	ldi	r25, 0x7D	; 125
    11a4:	e9 2e       	mov	r14, r25
    11a6:	90 e0       	ldi	r25, 0x00	; 0
    11a8:	f9 2e       	mov	r15, r25

000011aa <.L2>:
    11aa:	09 91       	ld	r16, Y+
    11ac:	f7 01       	movw	r30, r14
    11ae:	11 91       	ld	r17, Z+
    11b0:	7f 01       	movw	r14, r30
    11b2:	41 e0       	ldi	r20, 0x01	; 1
    11b4:	60 2f       	mov	r22, r16
    11b6:	81 2f       	mov	r24, r17
    11b8:	0e 94 33 0e 	call	0x1c66	; 0x1c66 <DIO_DirectionSelectforPin>
    11bc:	41 e0       	ldi	r20, 0x01	; 1
    11be:	60 2f       	mov	r22, r16
    11c0:	81 2f       	mov	r24, r17
    11c2:	0e 94 81 0e 	call	0x1d02	; 0x1d02 <DIO_WritePin>
    11c6:	f0 e0       	ldi	r31, 0x00	; 0
    11c8:	c5 38       	cpi	r28, 0x85	; 133
    11ca:	df 07       	cpc	r29, r31
    11cc:	71 f7       	brne	.-36     	; 0x11aa <.L2>
    11ce:	c9 e7       	ldi	r28, 0x79	; 121
    11d0:	d0 e0       	ldi	r29, 0x00	; 0
    11d2:	85 e7       	ldi	r24, 0x75	; 117
    11d4:	e8 2e       	mov	r14, r24
    11d6:	80 e0       	ldi	r24, 0x00	; 0
    11d8:	f8 2e       	mov	r15, r24

000011da <.L3>:
    11da:	09 91       	ld	r16, Y+
    11dc:	f7 01       	movw	r30, r14
    11de:	11 91       	ld	r17, Z+
    11e0:	7f 01       	movw	r14, r30
    11e2:	40 e0       	ldi	r20, 0x00	; 0
    11e4:	60 2f       	mov	r22, r16
    11e6:	81 2f       	mov	r24, r17
    11e8:	0e 94 33 0e 	call	0x1c66	; 0x1c66 <DIO_DirectionSelectforPin>
    11ec:	41 e0       	ldi	r20, 0x01	; 1
    11ee:	60 2f       	mov	r22, r16
    11f0:	81 2f       	mov	r24, r17
    11f2:	0e 94 81 0e 	call	0x1d02	; 0x1d02 <DIO_WritePin>
    11f6:	f0 e0       	ldi	r31, 0x00	; 0
    11f8:	cd 37       	cpi	r28, 0x7D	; 125
    11fa:	df 07       	cpc	r29, r31
    11fc:	71 f7       	brne	.-36     	; 0x11da <.L3>
    11fe:	df 91       	pop	r29
    1200:	cf 91       	pop	r28
    1202:	1f 91       	pop	r17
    1204:	0f 91       	pop	r16
    1206:	ff 90       	pop	r15
    1208:	ef 90       	pop	r14
    120a:	08 95       	ret

0000120c <KPD_GetPressedKey>:
    120c:	3f 92       	push	r3
    120e:	4f 92       	push	r4
    1210:	5f 92       	push	r5
    1212:	6f 92       	push	r6
    1214:	7f 92       	push	r7
    1216:	8f 92       	push	r8
    1218:	9f 92       	push	r9
    121a:	af 92       	push	r10
    121c:	bf 92       	push	r11
    121e:	cf 92       	push	r12
    1220:	df 92       	push	r13
    1222:	ef 92       	push	r14
    1224:	ff 92       	push	r15
    1226:	0f 93       	push	r16
    1228:	1f 93       	push	r17
    122a:	cf 93       	push	r28
    122c:	df 93       	push	r29
    122e:	0f 92       	push	r0
    1230:	cd b7       	in	r28, 0x3d	; 61
    1232:	de b7       	in	r29, 0x3e	; 62
    1234:	91 e8       	ldi	r25, 0x81	; 129
    1236:	89 2e       	mov	r8, r25
    1238:	90 e0       	ldi	r25, 0x00	; 0
    123a:	99 2e       	mov	r9, r25
    123c:	2d e7       	ldi	r18, 0x7D	; 125
    123e:	62 2e       	mov	r6, r18
    1240:	20 e0       	ldi	r18, 0x00	; 0
    1242:	72 2e       	mov	r7, r18
    1244:	35 e6       	ldi	r19, 0x65	; 101
    1246:	a3 2e       	mov	r10, r19
    1248:	30 e0       	ldi	r19, 0x00	; 0
    124a:	b3 2e       	mov	r11, r19
    124c:	33 24       	eor	r3, r3
    124e:	3a 94       	dec	r3

00001250 <.L10>:
    1250:	f4 01       	movw	r30, r8
    1252:	41 90       	ld	r4, Z+
    1254:	4f 01       	movw	r8, r30
    1256:	f3 01       	movw	r30, r6
    1258:	51 90       	ld	r5, Z+
    125a:	3f 01       	movw	r6, r30
    125c:	40 e0       	ldi	r20, 0x00	; 0
    125e:	64 2d       	mov	r22, r4
    1260:	85 2d       	mov	r24, r5
    1262:	0e 94 81 0e 	call	0x1d02	; 0x1d02 <DIO_WritePin>
    1266:	09 e7       	ldi	r16, 0x79	; 121
    1268:	10 e0       	ldi	r17, 0x00	; 0
    126a:	85 e7       	ldi	r24, 0x75	; 117
    126c:	c8 2e       	mov	r12, r24
    126e:	80 e0       	ldi	r24, 0x00	; 0
    1270:	d8 2e       	mov	r13, r24
    1272:	75 01       	movw	r14, r10

00001274 <.L9>:
    1274:	f8 01       	movw	r30, r16
    1276:	61 91       	ld	r22, Z+
    1278:	8f 01       	movw	r16, r30
    127a:	ae 01       	movw	r20, r28
    127c:	4f 5f       	subi	r20, 0xFF	; 255
    127e:	5f 4f       	sbci	r21, 0xFF	; 255
    1280:	f6 01       	movw	r30, r12
    1282:	81 91       	ld	r24, Z+
    1284:	6f 01       	movw	r12, r30
    1286:	0e 94 cf 0e 	call	0x1d9e	; 0x1d9e <DIO_ReadPin>
    128a:	89 81       	ldd	r24, Y+1	; 0x01
    128c:	81 11       	cpse	r24, r1
    128e:	02 c0       	rjmp	.+4      	; 0x1294 <.L8>
    1290:	f7 01       	movw	r30, r14
    1292:	30 80       	ld	r3, Z

00001294 <.L8>:
    1294:	ff ef       	ldi	r31, 0xFF	; 255
    1296:	ef 1a       	sub	r14, r31
    1298:	ff 0a       	sbc	r15, r31
    129a:	80 e0       	ldi	r24, 0x00	; 0
    129c:	0d 37       	cpi	r16, 0x7D	; 125
    129e:	18 07       	cpc	r17, r24
    12a0:	49 f7       	brne	.-46     	; 0x1274 <.L9>
    12a2:	41 e0       	ldi	r20, 0x01	; 1
    12a4:	64 2d       	mov	r22, r4
    12a6:	85 2d       	mov	r24, r5
    12a8:	0e 94 81 0e 	call	0x1d02	; 0x1d02 <DIO_WritePin>
    12ac:	e4 e0       	ldi	r30, 0x04	; 4
    12ae:	ae 0e       	add	r10, r30
    12b0:	b1 1c       	adc	r11, r1
    12b2:	f5 e8       	ldi	r31, 0x85	; 133
    12b4:	8f 16       	cp	r8, r31
    12b6:	f0 e0       	ldi	r31, 0x00	; 0
    12b8:	9f 06       	cpc	r9, r31
    12ba:	51 f6       	brne	.-108    	; 0x1250 <.L10>
    12bc:	83 2d       	mov	r24, r3
    12be:	0f 90       	pop	r0
    12c0:	df 91       	pop	r29
    12c2:	cf 91       	pop	r28
    12c4:	1f 91       	pop	r17
    12c6:	0f 91       	pop	r16
    12c8:	ff 90       	pop	r15
    12ca:	ef 90       	pop	r14
    12cc:	df 90       	pop	r13
    12ce:	cf 90       	pop	r12
    12d0:	bf 90       	pop	r11
    12d2:	af 90       	pop	r10
    12d4:	9f 90       	pop	r9
    12d6:	8f 90       	pop	r8
    12d8:	7f 90       	pop	r7
    12da:	6f 90       	pop	r6
    12dc:	5f 90       	pop	r5
    12de:	4f 90       	pop	r4
    12e0:	3f 90       	pop	r3
    12e2:	08 95       	ret

000012e4 <LCD_vidSendNibble>:
    12e4:	1f 93       	push	r17
    12e6:	cf 93       	push	r28
    12e8:	df 93       	push	r29
    12ea:	cd b7       	in	r28, 0x3d	; 61
    12ec:	de b7       	in	r29, 0x3e	; 62
    12ee:	28 97       	sbiw	r28, 0x08	; 8
    12f0:	0f b6       	in	r0, 0x3f	; 63
    12f2:	f8 94       	cli
    12f4:	de bf       	out	0x3e, r29	; 62
    12f6:	0f be       	out	0x3f, r0	; 63
    12f8:	cd bf       	out	0x3d, r28	; 61
    12fa:	18 2f       	mov	r17, r24
    12fc:	48 2f       	mov	r20, r24
    12fe:	41 70       	andi	r20, 0x01	; 1
    1300:	64 e0       	ldi	r22, 0x04	; 4
    1302:	82 e0       	ldi	r24, 0x02	; 2
    1304:	0e 94 81 0e 	call	0x1d02	; 0x1d02 <DIO_WritePin>
    1308:	11 fb       	bst	r17, 1
    130a:	44 27       	eor	r20, r20
    130c:	40 f9       	bld	r20, 0
    130e:	65 e0       	ldi	r22, 0x05	; 5
    1310:	82 e0       	ldi	r24, 0x02	; 2
    1312:	0e 94 81 0e 	call	0x1d02	; 0x1d02 <DIO_WritePin>
    1316:	12 fb       	bst	r17, 2
    1318:	44 27       	eor	r20, r20
    131a:	40 f9       	bld	r20, 0
    131c:	66 e0       	ldi	r22, 0x06	; 6
    131e:	82 e0       	ldi	r24, 0x02	; 2
    1320:	0e 94 81 0e 	call	0x1d02	; 0x1d02 <DIO_WritePin>
    1324:	41 2f       	mov	r20, r17
    1326:	46 95       	lsr	r20
    1328:	46 95       	lsr	r20
    132a:	46 95       	lsr	r20
    132c:	67 e0       	ldi	r22, 0x07	; 7
    132e:	82 e0       	ldi	r24, 0x02	; 2
    1330:	0e 94 81 0e 	call	0x1d02	; 0x1d02 <DIO_WritePin>
    1334:	41 e0       	ldi	r20, 0x01	; 1
    1336:	63 e0       	ldi	r22, 0x03	; 3
    1338:	82 e0       	ldi	r24, 0x02	; 2
    133a:	0e 94 81 0e 	call	0x1d02	; 0x1d02 <DIO_WritePin>
    133e:	80 ed       	ldi	r24, 0xD0	; 208
    1340:	97 e0       	ldi	r25, 0x07	; 7
    1342:	a0 e0       	ldi	r26, 0x00	; 0
    1344:	b0 e0       	ldi	r27, 0x00	; 0
    1346:	8d 83       	std	Y+5, r24	; 0x05
    1348:	9e 83       	std	Y+6, r25	; 0x06
    134a:	af 83       	std	Y+7, r26	; 0x07
    134c:	b8 87       	std	Y+8, r27	; 0x08

0000134e <.L2>:
    134e:	8d 81       	ldd	r24, Y+5	; 0x05
    1350:	9e 81       	ldd	r25, Y+6	; 0x06
    1352:	af 81       	ldd	r26, Y+7	; 0x07
    1354:	b8 85       	ldd	r27, Y+8	; 0x08
    1356:	ac 01       	movw	r20, r24
    1358:	bd 01       	movw	r22, r26
    135a:	41 50       	subi	r20, 0x01	; 1
    135c:	51 09       	sbc	r21, r1
    135e:	61 09       	sbc	r22, r1
    1360:	71 09       	sbc	r23, r1
    1362:	4d 83       	std	Y+5, r20	; 0x05
    1364:	5e 83       	std	Y+6, r21	; 0x06
    1366:	6f 83       	std	Y+7, r22	; 0x07
    1368:	78 87       	std	Y+8, r23	; 0x08
    136a:	89 2b       	or	r24, r25
    136c:	8a 2b       	or	r24, r26
    136e:	8b 2b       	or	r24, r27
    1370:	71 f7       	brne	.-36     	; 0x134e <.L2>
    1372:	40 e0       	ldi	r20, 0x00	; 0
    1374:	63 e0       	ldi	r22, 0x03	; 3
    1376:	82 e0       	ldi	r24, 0x02	; 2
    1378:	0e 94 81 0e 	call	0x1d02	; 0x1d02 <DIO_WritePin>
    137c:	80 ed       	ldi	r24, 0xD0	; 208
    137e:	97 e0       	ldi	r25, 0x07	; 7
    1380:	a0 e0       	ldi	r26, 0x00	; 0
    1382:	b0 e0       	ldi	r27, 0x00	; 0
    1384:	89 83       	std	Y+1, r24	; 0x01
    1386:	9a 83       	std	Y+2, r25	; 0x02
    1388:	ab 83       	std	Y+3, r26	; 0x03
    138a:	bc 83       	std	Y+4, r27	; 0x04

0000138c <.L3>:
    138c:	89 81       	ldd	r24, Y+1	; 0x01
    138e:	9a 81       	ldd	r25, Y+2	; 0x02
    1390:	ab 81       	ldd	r26, Y+3	; 0x03
    1392:	bc 81       	ldd	r27, Y+4	; 0x04
    1394:	ac 01       	movw	r20, r24
    1396:	bd 01       	movw	r22, r26
    1398:	41 50       	subi	r20, 0x01	; 1
    139a:	51 09       	sbc	r21, r1
    139c:	61 09       	sbc	r22, r1
    139e:	71 09       	sbc	r23, r1
    13a0:	49 83       	std	Y+1, r20	; 0x01
    13a2:	5a 83       	std	Y+2, r21	; 0x02
    13a4:	6b 83       	std	Y+3, r22	; 0x03
    13a6:	7c 83       	std	Y+4, r23	; 0x04
    13a8:	89 2b       	or	r24, r25
    13aa:	8a 2b       	or	r24, r26
    13ac:	8b 2b       	or	r24, r27
    13ae:	71 f7       	brne	.-36     	; 0x138c <.L3>
    13b0:	28 96       	adiw	r28, 0x08	; 8
    13b2:	0f b6       	in	r0, 0x3f	; 63
    13b4:	f8 94       	cli
    13b6:	de bf       	out	0x3e, r29	; 62
    13b8:	0f be       	out	0x3f, r0	; 63
    13ba:	cd bf       	out	0x3d, r28	; 61
    13bc:	df 91       	pop	r29
    13be:	cf 91       	pop	r28
    13c0:	1f 91       	pop	r17
    13c2:	08 95       	ret

000013c4 <LCD_Init>:
    13c4:	cf 93       	push	r28
    13c6:	df 93       	push	r29
    13c8:	cd b7       	in	r28, 0x3d	; 61
    13ca:	de b7       	in	r29, 0x3e	; 62
    13cc:	a4 97       	sbiw	r28, 0x24	; 36
    13ce:	0f b6       	in	r0, 0x3f	; 63
    13d0:	f8 94       	cli
    13d2:	de bf       	out	0x3e, r29	; 62
    13d4:	0f be       	out	0x3f, r0	; 63
    13d6:	cd bf       	out	0x3d, r28	; 61
    13d8:	10 92 f4 01 	sts	0x01F4, r1	; 0x8001f4 <LCD_LastError>
    13dc:	10 92 f5 01 	sts	0x01F5, r1	; 0x8001f5 <LCD_LastError+0x1>
    13e0:	41 e0       	ldi	r20, 0x01	; 1
    13e2:	62 e0       	ldi	r22, 0x02	; 2
    13e4:	82 e0       	ldi	r24, 0x02	; 2
    13e6:	0e 94 33 0e 	call	0x1c66	; 0x1c66 <DIO_DirectionSelectforPin>
    13ea:	41 e0       	ldi	r20, 0x01	; 1
    13ec:	63 e0       	ldi	r22, 0x03	; 3
    13ee:	82 e0       	ldi	r24, 0x02	; 2
    13f0:	0e 94 33 0e 	call	0x1c66	; 0x1c66 <DIO_DirectionSelectforPin>
    13f4:	41 e0       	ldi	r20, 0x01	; 1
    13f6:	64 e0       	ldi	r22, 0x04	; 4
    13f8:	82 e0       	ldi	r24, 0x02	; 2
    13fa:	0e 94 33 0e 	call	0x1c66	; 0x1c66 <DIO_DirectionSelectforPin>
    13fe:	41 e0       	ldi	r20, 0x01	; 1
    1400:	65 e0       	ldi	r22, 0x05	; 5
    1402:	82 e0       	ldi	r24, 0x02	; 2
    1404:	0e 94 33 0e 	call	0x1c66	; 0x1c66 <DIO_DirectionSelectforPin>
    1408:	41 e0       	ldi	r20, 0x01	; 1
    140a:	66 e0       	ldi	r22, 0x06	; 6
    140c:	82 e0       	ldi	r24, 0x02	; 2
    140e:	0e 94 33 0e 	call	0x1c66	; 0x1c66 <DIO_DirectionSelectforPin>
    1412:	41 e0       	ldi	r20, 0x01	; 1
    1414:	67 e0       	ldi	r22, 0x07	; 7
    1416:	82 e0       	ldi	r24, 0x02	; 2
    1418:	0e 94 33 0e 	call	0x1c66	; 0x1c66 <DIO_DirectionSelectforPin>
    141c:	40 e0       	ldi	r20, 0x00	; 0
    141e:	62 e0       	ldi	r22, 0x02	; 2
    1420:	82 e0       	ldi	r24, 0x02	; 2
    1422:	0e 94 81 0e 	call	0x1d02	; 0x1d02 <DIO_WritePin>
    1426:	80 e7       	ldi	r24, 0x70	; 112
    1428:	91 e1       	ldi	r25, 0x11	; 17
    142a:	a1 e0       	ldi	r26, 0x01	; 1
    142c:	b0 e0       	ldi	r27, 0x00	; 0
    142e:	89 a3       	std	Y+33, r24	; 0x21
    1430:	9a a3       	std	Y+34, r25	; 0x22
    1432:	ab a3       	std	Y+35, r26	; 0x23
    1434:	bc a3       	std	Y+36, r27	; 0x24

00001436 <.L8>:
    1436:	89 a1       	ldd	r24, Y+33	; 0x21
    1438:	9a a1       	ldd	r25, Y+34	; 0x22
    143a:	ab a1       	ldd	r26, Y+35	; 0x23
    143c:	bc a1       	ldd	r27, Y+36	; 0x24
    143e:	ac 01       	movw	r20, r24
    1440:	bd 01       	movw	r22, r26
    1442:	41 50       	subi	r20, 0x01	; 1
    1444:	51 09       	sbc	r21, r1
    1446:	61 09       	sbc	r22, r1
    1448:	71 09       	sbc	r23, r1
    144a:	49 a3       	std	Y+33, r20	; 0x21
    144c:	5a a3       	std	Y+34, r21	; 0x22
    144e:	6b a3       	std	Y+35, r22	; 0x23
    1450:	7c a3       	std	Y+36, r23	; 0x24
    1452:	89 2b       	or	r24, r25
    1454:	8a 2b       	or	r24, r26
    1456:	8b 2b       	or	r24, r27
    1458:	71 f7       	brne	.-36     	; 0x1436 <.L8>
    145a:	83 e0       	ldi	r24, 0x03	; 3
    145c:	0e 94 72 09 	call	0x12e4	; 0x12e4 <LCD_vidSendNibble>
    1460:	80 e1       	ldi	r24, 0x10	; 16
    1462:	97 e2       	ldi	r25, 0x27	; 39
    1464:	a0 e0       	ldi	r26, 0x00	; 0
    1466:	b0 e0       	ldi	r27, 0x00	; 0
    1468:	8d 8f       	std	Y+29, r24	; 0x1d
    146a:	9e 8f       	std	Y+30, r25	; 0x1e
    146c:	af 8f       	std	Y+31, r26	; 0x1f
    146e:	b8 a3       	std	Y+32, r27	; 0x20

00001470 <.L9>:
    1470:	8d 8d       	ldd	r24, Y+29	; 0x1d
    1472:	9e 8d       	ldd	r25, Y+30	; 0x1e
    1474:	af 8d       	ldd	r26, Y+31	; 0x1f
    1476:	b8 a1       	ldd	r27, Y+32	; 0x20
    1478:	ac 01       	movw	r20, r24
    147a:	bd 01       	movw	r22, r26
    147c:	41 50       	subi	r20, 0x01	; 1
    147e:	51 09       	sbc	r21, r1
    1480:	61 09       	sbc	r22, r1
    1482:	71 09       	sbc	r23, r1
    1484:	4d 8f       	std	Y+29, r20	; 0x1d
    1486:	5e 8f       	std	Y+30, r21	; 0x1e
    1488:	6f 8f       	std	Y+31, r22	; 0x1f
    148a:	78 a3       	std	Y+32, r23	; 0x20
    148c:	89 2b       	or	r24, r25
    148e:	8a 2b       	or	r24, r26
    1490:	8b 2b       	or	r24, r27
    1492:	71 f7       	brne	.-36     	; 0x1470 <.L9>
    1494:	83 e0       	ldi	r24, 0x03	; 3
    1496:	0e 94 72 09 	call	0x12e4	; 0x12e4 <LCD_vidSendNibble>
    149a:	80 ed       	ldi	r24, 0xD0	; 208
    149c:	97 e0       	ldi	r25, 0x07	; 7
    149e:	a0 e0       	ldi	r26, 0x00	; 0
    14a0:	b0 e0       	ldi	r27, 0x00	; 0
    14a2:	89 8f       	std	Y+25, r24	; 0x19
    14a4:	9a 8f       	std	Y+26, r25	; 0x1a
    14a6:	ab 8f       	std	Y+27, r26	; 0x1b
    14a8:	bc 8f       	std	Y+28, r27	; 0x1c

000014aa <.L10>:
    14aa:	89 8d       	ldd	r24, Y+25	; 0x19
    14ac:	9a 8d       	ldd	r25, Y+26	; 0x1a
    14ae:	ab 8d       	ldd	r26, Y+27	; 0x1b
    14b0:	bc 8d       	ldd	r27, Y+28	; 0x1c
    14b2:	ac 01       	movw	r20, r24
    14b4:	bd 01       	movw	r22, r26
    14b6:	41 50       	subi	r20, 0x01	; 1
    14b8:	51 09       	sbc	r21, r1
    14ba:	61 09       	sbc	r22, r1
    14bc:	71 09       	sbc	r23, r1
    14be:	49 8f       	std	Y+25, r20	; 0x19
    14c0:	5a 8f       	std	Y+26, r21	; 0x1a
    14c2:	6b 8f       	std	Y+27, r22	; 0x1b
    14c4:	7c 8f       	std	Y+28, r23	; 0x1c
    14c6:	89 2b       	or	r24, r25
    14c8:	8a 2b       	or	r24, r26
    14ca:	8b 2b       	or	r24, r27
    14cc:	71 f7       	brne	.-36     	; 0x14aa <.L10>
    14ce:	83 e0       	ldi	r24, 0x03	; 3
    14d0:	0e 94 72 09 	call	0x12e4	; 0x12e4 <LCD_vidSendNibble>
    14d4:	80 ed       	ldi	r24, 0xD0	; 208
    14d6:	97 e0       	ldi	r25, 0x07	; 7
    14d8:	a0 e0       	ldi	r26, 0x00	; 0
    14da:	b0 e0       	ldi	r27, 0x00	; 0
    14dc:	8d 8b       	std	Y+21, r24	; 0x15
    14de:	9e 8b       	std	Y+22, r25	; 0x16
    14e0:	af 8b       	std	Y+23, r26	; 0x17
    14e2:	b8 8f       	std	Y+24, r27	; 0x18

000014e4 <.L11>:
    14e4:	8d 89       	ldd	r24, Y+21	; 0x15
    14e6:	9e 89       	ldd	r25, Y+22	; 0x16
    14e8:	af 89       	ldd	r26, Y+23	; 0x17
    14ea:	b8 8d       	ldd	r27, Y+24	; 0x18
    14ec:	ac 01       	movw	r20, r24
    14ee:	bd 01       	movw	r22, r26
    14f0:	41 50       	subi	r20, 0x01	; 1
    14f2:	51 09       	sbc	r21, r1
    14f4:	61 09       	sbc	r22, r1
    14f6:	71 09       	sbc	r23, r1
    14f8:	4d 8b       	std	Y+21, r20	; 0x15
    14fa:	5e 8b       	std	Y+22, r21	; 0x16
    14fc:	6f 8b       	std	Y+23, r22	; 0x17
    14fe:	78 8f       	std	Y+24, r23	; 0x18
    1500:	89 2b       	or	r24, r25
    1502:	8a 2b       	or	r24, r26
    1504:	8b 2b       	or	r24, r27
    1506:	71 f7       	brne	.-36     	; 0x14e4 <.L11>
    1508:	82 e0       	ldi	r24, 0x02	; 2
    150a:	0e 94 72 09 	call	0x12e4	; 0x12e4 <LCD_vidSendNibble>
    150e:	80 ed       	ldi	r24, 0xD0	; 208
    1510:	97 e0       	ldi	r25, 0x07	; 7
    1512:	a0 e0       	ldi	r26, 0x00	; 0
    1514:	b0 e0       	ldi	r27, 0x00	; 0
    1516:	89 8b       	std	Y+17, r24	; 0x11
    1518:	9a 8b       	std	Y+18, r25	; 0x12
    151a:	ab 8b       	std	Y+19, r26	; 0x13
    151c:	bc 8b       	std	Y+20, r27	; 0x14

0000151e <.L12>:
    151e:	89 89       	ldd	r24, Y+17	; 0x11
    1520:	9a 89       	ldd	r25, Y+18	; 0x12
    1522:	ab 89       	ldd	r26, Y+19	; 0x13
    1524:	bc 89       	ldd	r27, Y+20	; 0x14
    1526:	ac 01       	movw	r20, r24
    1528:	bd 01       	movw	r22, r26
    152a:	41 50       	subi	r20, 0x01	; 1
    152c:	51 09       	sbc	r21, r1
    152e:	61 09       	sbc	r22, r1
    1530:	71 09       	sbc	r23, r1
    1532:	49 8b       	std	Y+17, r20	; 0x11
    1534:	5a 8b       	std	Y+18, r21	; 0x12
    1536:	6b 8b       	std	Y+19, r22	; 0x13
    1538:	7c 8b       	std	Y+20, r23	; 0x14
    153a:	89 2b       	or	r24, r25
    153c:	8a 2b       	or	r24, r26
    153e:	8b 2b       	or	r24, r27
    1540:	71 f7       	brne	.-36     	; 0x151e <.L12>
    1542:	40 e0       	ldi	r20, 0x00	; 0
    1544:	62 e0       	ldi	r22, 0x02	; 2
    1546:	82 e0       	ldi	r24, 0x02	; 2
    1548:	0e 94 81 0e 	call	0x1d02	; 0x1d02 <DIO_WritePin>
    154c:	82 e0       	ldi	r24, 0x02	; 2
    154e:	0e 94 72 09 	call	0x12e4	; 0x12e4 <LCD_vidSendNibble>
    1552:	88 e0       	ldi	r24, 0x08	; 8
    1554:	0e 94 72 09 	call	0x12e4	; 0x12e4 <LCD_vidSendNibble>
    1558:	80 ed       	ldi	r24, 0xD0	; 208
    155a:	97 e0       	ldi	r25, 0x07	; 7
    155c:	a0 e0       	ldi	r26, 0x00	; 0
    155e:	b0 e0       	ldi	r27, 0x00	; 0
    1560:	8d 87       	std	Y+13, r24	; 0x0d
    1562:	9e 87       	std	Y+14, r25	; 0x0e
    1564:	af 87       	std	Y+15, r26	; 0x0f
    1566:	b8 8b       	std	Y+16, r27	; 0x10

00001568 <.L13>:
    1568:	8d 85       	ldd	r24, Y+13	; 0x0d
    156a:	9e 85       	ldd	r25, Y+14	; 0x0e
    156c:	af 85       	ldd	r26, Y+15	; 0x0f
    156e:	b8 89       	ldd	r27, Y+16	; 0x10
    1570:	ac 01       	movw	r20, r24
    1572:	bd 01       	movw	r22, r26
    1574:	41 50       	subi	r20, 0x01	; 1
    1576:	51 09       	sbc	r21, r1
    1578:	61 09       	sbc	r22, r1
    157a:	71 09       	sbc	r23, r1
    157c:	4d 87       	std	Y+13, r20	; 0x0d
    157e:	5e 87       	std	Y+14, r21	; 0x0e
    1580:	6f 87       	std	Y+15, r22	; 0x0f
    1582:	78 8b       	std	Y+16, r23	; 0x10
    1584:	89 2b       	or	r24, r25
    1586:	8a 2b       	or	r24, r26
    1588:	8b 2b       	or	r24, r27
    158a:	71 f7       	brne	.-36     	; 0x1568 <.L13>
    158c:	40 e0       	ldi	r20, 0x00	; 0
    158e:	62 e0       	ldi	r22, 0x02	; 2
    1590:	82 e0       	ldi	r24, 0x02	; 2
    1592:	0e 94 81 0e 	call	0x1d02	; 0x1d02 <DIO_WritePin>
    1596:	80 e0       	ldi	r24, 0x00	; 0
    1598:	0e 94 72 09 	call	0x12e4	; 0x12e4 <LCD_vidSendNibble>
    159c:	8f e0       	ldi	r24, 0x0F	; 15
    159e:	0e 94 72 09 	call	0x12e4	; 0x12e4 <LCD_vidSendNibble>
    15a2:	80 ed       	ldi	r24, 0xD0	; 208
    15a4:	97 e0       	ldi	r25, 0x07	; 7
    15a6:	a0 e0       	ldi	r26, 0x00	; 0
    15a8:	b0 e0       	ldi	r27, 0x00	; 0
    15aa:	89 87       	std	Y+9, r24	; 0x09
    15ac:	9a 87       	std	Y+10, r25	; 0x0a
    15ae:	ab 87       	std	Y+11, r26	; 0x0b
    15b0:	bc 87       	std	Y+12, r27	; 0x0c

000015b2 <.L14>:
    15b2:	89 85       	ldd	r24, Y+9	; 0x09
    15b4:	9a 85       	ldd	r25, Y+10	; 0x0a
    15b6:	ab 85       	ldd	r26, Y+11	; 0x0b
    15b8:	bc 85       	ldd	r27, Y+12	; 0x0c
    15ba:	ac 01       	movw	r20, r24
    15bc:	bd 01       	movw	r22, r26
    15be:	41 50       	subi	r20, 0x01	; 1
    15c0:	51 09       	sbc	r21, r1
    15c2:	61 09       	sbc	r22, r1
    15c4:	71 09       	sbc	r23, r1
    15c6:	49 87       	std	Y+9, r20	; 0x09
    15c8:	5a 87       	std	Y+10, r21	; 0x0a
    15ca:	6b 87       	std	Y+11, r22	; 0x0b
    15cc:	7c 87       	std	Y+12, r23	; 0x0c
    15ce:	89 2b       	or	r24, r25
    15d0:	8a 2b       	or	r24, r26
    15d2:	8b 2b       	or	r24, r27
    15d4:	71 f7       	brne	.-36     	; 0x15b2 <.L14>
    15d6:	40 e0       	ldi	r20, 0x00	; 0
    15d8:	62 e0       	ldi	r22, 0x02	; 2
    15da:	82 e0       	ldi	r24, 0x02	; 2
    15dc:	0e 94 81 0e 	call	0x1d02	; 0x1d02 <DIO_WritePin>
    15e0:	80 e0       	ldi	r24, 0x00	; 0
    15e2:	0e 94 72 09 	call	0x12e4	; 0x12e4 <LCD_vidSendNibble>
    15e6:	81 e0       	ldi	r24, 0x01	; 1
    15e8:	0e 94 72 09 	call	0x12e4	; 0x12e4 <LCD_vidSendNibble>
    15ec:	80 ea       	ldi	r24, 0xA0	; 160
    15ee:	9f e0       	ldi	r25, 0x0F	; 15
    15f0:	a0 e0       	ldi	r26, 0x00	; 0
    15f2:	b0 e0       	ldi	r27, 0x00	; 0
    15f4:	8d 83       	std	Y+5, r24	; 0x05
    15f6:	9e 83       	std	Y+6, r25	; 0x06
    15f8:	af 83       	std	Y+7, r26	; 0x07
    15fa:	b8 87       	std	Y+8, r27	; 0x08

000015fc <.L15>:
    15fc:	8d 81       	ldd	r24, Y+5	; 0x05
    15fe:	9e 81       	ldd	r25, Y+6	; 0x06
    1600:	af 81       	ldd	r26, Y+7	; 0x07
    1602:	b8 85       	ldd	r27, Y+8	; 0x08
    1604:	ac 01       	movw	r20, r24
    1606:	bd 01       	movw	r22, r26
    1608:	41 50       	subi	r20, 0x01	; 1
    160a:	51 09       	sbc	r21, r1
    160c:	61 09       	sbc	r22, r1
    160e:	71 09       	sbc	r23, r1
    1610:	4d 83       	std	Y+5, r20	; 0x05
    1612:	5e 83       	std	Y+6, r21	; 0x06
    1614:	6f 83       	std	Y+7, r22	; 0x07
    1616:	78 87       	std	Y+8, r23	; 0x08
    1618:	89 2b       	or	r24, r25
    161a:	8a 2b       	or	r24, r26
    161c:	8b 2b       	or	r24, r27
    161e:	71 f7       	brne	.-36     	; 0x15fc <.L15>
    1620:	40 e0       	ldi	r20, 0x00	; 0
    1622:	62 e0       	ldi	r22, 0x02	; 2
    1624:	82 e0       	ldi	r24, 0x02	; 2
    1626:	0e 94 81 0e 	call	0x1d02	; 0x1d02 <DIO_WritePin>
    162a:	80 e0       	ldi	r24, 0x00	; 0
    162c:	0e 94 72 09 	call	0x12e4	; 0x12e4 <LCD_vidSendNibble>
    1630:	86 e0       	ldi	r24, 0x06	; 6
    1632:	0e 94 72 09 	call	0x12e4	; 0x12e4 <LCD_vidSendNibble>
    1636:	80 ed       	ldi	r24, 0xD0	; 208
    1638:	97 e0       	ldi	r25, 0x07	; 7
    163a:	a0 e0       	ldi	r26, 0x00	; 0
    163c:	b0 e0       	ldi	r27, 0x00	; 0
    163e:	89 83       	std	Y+1, r24	; 0x01
    1640:	9a 83       	std	Y+2, r25	; 0x02
    1642:	ab 83       	std	Y+3, r26	; 0x03
    1644:	bc 83       	std	Y+4, r27	; 0x04

00001646 <.L16>:
    1646:	89 81       	ldd	r24, Y+1	; 0x01
    1648:	9a 81       	ldd	r25, Y+2	; 0x02
    164a:	ab 81       	ldd	r26, Y+3	; 0x03
    164c:	bc 81       	ldd	r27, Y+4	; 0x04
    164e:	ac 01       	movw	r20, r24
    1650:	bd 01       	movw	r22, r26
    1652:	41 50       	subi	r20, 0x01	; 1
    1654:	51 09       	sbc	r21, r1
    1656:	61 09       	sbc	r22, r1
    1658:	71 09       	sbc	r23, r1
    165a:	49 83       	std	Y+1, r20	; 0x01
    165c:	5a 83       	std	Y+2, r21	; 0x02
    165e:	6b 83       	std	Y+3, r22	; 0x03
    1660:	7c 83       	std	Y+4, r23	; 0x04
    1662:	89 2b       	or	r24, r25
    1664:	8a 2b       	or	r24, r26
    1666:	8b 2b       	or	r24, r27
    1668:	71 f7       	brne	.-36     	; 0x1646 <.L16>
    166a:	80 91 f4 01 	lds	r24, 0x01F4	; 0x8001f4 <LCD_LastError>
    166e:	a4 96       	adiw	r28, 0x24	; 36
    1670:	0f b6       	in	r0, 0x3f	; 63
    1672:	f8 94       	cli
    1674:	de bf       	out	0x3e, r29	; 62
    1676:	0f be       	out	0x3f, r0	; 63
    1678:	cd bf       	out	0x3d, r28	; 61
    167a:	df 91       	pop	r29
    167c:	cf 91       	pop	r28
    167e:	08 95       	ret

00001680 <LCD_SendCommand>:
    1680:	cf 93       	push	r28
    1682:	c8 2f       	mov	r28, r24
    1684:	40 e0       	ldi	r20, 0x00	; 0
    1686:	62 e0       	ldi	r22, 0x02	; 2
    1688:	82 e0       	ldi	r24, 0x02	; 2
    168a:	0e 94 81 0e 	call	0x1d02	; 0x1d02 <DIO_WritePin>
    168e:	8c 2f       	mov	r24, r28
    1690:	82 95       	swap	r24
    1692:	8f 70       	andi	r24, 0x0F	; 15
    1694:	0e 94 72 09 	call	0x12e4	; 0x12e4 <LCD_vidSendNibble>
    1698:	8c 2f       	mov	r24, r28
    169a:	8f 70       	andi	r24, 0x0F	; 15
    169c:	cf 91       	pop	r28
    169e:	0c 94 72 09 	jmp	0x12e4	; 0x12e4 <LCD_vidSendNibble>

000016a2 <LCD_WriteCharacter>:
    16a2:	cf 93       	push	r28
    16a4:	c8 2f       	mov	r28, r24
    16a6:	41 e0       	ldi	r20, 0x01	; 1
    16a8:	62 e0       	ldi	r22, 0x02	; 2
    16aa:	82 e0       	ldi	r24, 0x02	; 2
    16ac:	0e 94 81 0e 	call	0x1d02	; 0x1d02 <DIO_WritePin>
    16b0:	8c 2f       	mov	r24, r28
    16b2:	82 95       	swap	r24
    16b4:	8f 70       	andi	r24, 0x0F	; 15
    16b6:	0e 94 72 09 	call	0x12e4	; 0x12e4 <LCD_vidSendNibble>
    16ba:	8c 2f       	mov	r24, r28
    16bc:	8f 70       	andi	r24, 0x0F	; 15
    16be:	cf 91       	pop	r28
    16c0:	0c 94 72 09 	jmp	0x12e4	; 0x12e4 <LCD_vidSendNibble>

000016c4 <LCD_WriteString>:
    16c4:	0f 93       	push	r16
    16c6:	1f 93       	push	r17
    16c8:	cf 93       	push	r28
    16ca:	df 93       	push	r29
    16cc:	8c 01       	movw	r16, r24
    16ce:	00 97       	sbiw	r24, 0x00	; 0
    16d0:	21 f1       	breq	.+72     	; 0x171a <.L37>
    16d2:	10 92 f4 01 	sts	0x01F4, r1	; 0x8001f4 <LCD_LastError>
    16d6:	10 92 f5 01 	sts	0x01F5, r1	; 0x8001f5 <LCD_LastError+0x1>
    16da:	fc 01       	movw	r30, r24
    16dc:	c0 81       	ld	r28, Z
    16de:	c1 15       	cp	r28, r1
    16e0:	b1 f0       	breq	.+44     	; 0x170e <.L31>
    16e2:	d0 e0       	ldi	r29, 0x00	; 0

000016e4 <.L32>:
    16e4:	41 e0       	ldi	r20, 0x01	; 1
    16e6:	62 e0       	ldi	r22, 0x02	; 2
    16e8:	82 e0       	ldi	r24, 0x02	; 2
    16ea:	0e 94 81 0e 	call	0x1d02	; 0x1d02 <DIO_WritePin>
    16ee:	8c 2f       	mov	r24, r28
    16f0:	82 95       	swap	r24
    16f2:	8f 70       	andi	r24, 0x0F	; 15
    16f4:	0e 94 72 09 	call	0x12e4	; 0x12e4 <LCD_vidSendNibble>
    16f8:	8c 2f       	mov	r24, r28
    16fa:	8f 70       	andi	r24, 0x0F	; 15
    16fc:	0e 94 72 09 	call	0x12e4	; 0x12e4 <LCD_vidSendNibble>
    1700:	df 5f       	subi	r29, 0xFF	; 255
    1702:	f8 01       	movw	r30, r16
    1704:	ed 0f       	add	r30, r29
    1706:	f1 1d       	adc	r31, r1
    1708:	c0 81       	ld	r28, Z
    170a:	c1 11       	cpse	r28, r1
    170c:	eb cf       	rjmp	.-42     	; 0x16e4 <.L32>

0000170e <.L31>:
    170e:	80 e0       	ldi	r24, 0x00	; 0
    1710:	df 91       	pop	r29
    1712:	cf 91       	pop	r28
    1714:	1f 91       	pop	r17
    1716:	0f 91       	pop	r16
    1718:	08 95       	ret

0000171a <.L37>:
    171a:	83 e0       	ldi	r24, 0x03	; 3
    171c:	80 93 f4 01 	sts	0x01F4, r24	; 0x8001f4 <LCD_LastError>
    1720:	10 92 f5 01 	sts	0x01F5, r1	; 0x8001f5 <LCD_LastError+0x1>
    1724:	df 91       	pop	r29
    1726:	cf 91       	pop	r28
    1728:	1f 91       	pop	r17
    172a:	0f 91       	pop	r16
    172c:	08 95       	ret

0000172e <LCD_MoveTo>:
    172e:	1f 93       	push	r17
    1730:	cf 93       	push	r28
    1732:	df 93       	push	r29
    1734:	00 d0       	rcall	.+0      	; 0x1736 <L0^A>

00001736 <L0^A>:
    1736:	00 d0       	rcall	.+0      	; 0x1738 <L0^A>

00001738 <L0^A>:
    1738:	cd b7       	in	r28, 0x3d	; 61
    173a:	de b7       	in	r29, 0x3e	; 62
    173c:	16 2f       	mov	r17, r22
    173e:	60 31       	cpi	r22, 0x10	; 16
    1740:	08 f0       	brcs	.+2      	; 0x1744 <L0^A+0x2>

00001742 <L0^A>:
    1742:	47 c0       	rjmp	.+142    	; 0x17d2 <.L48>
    1744:	81 30       	cpi	r24, 0x01	; 1
    1746:	78 f0       	brcs	.+30     	; 0x1766 <.L41>
    1748:	69 f0       	breq	.+26     	; 0x1764 <.L49>
    174a:	81 e0       	ldi	r24, 0x01	; 1
    174c:	80 93 f4 01 	sts	0x01F4, r24	; 0x8001f4 <LCD_LastError>
    1750:	10 92 f5 01 	sts	0x01F5, r1	; 0x8001f5 <LCD_LastError+0x1>
    1754:	0f 90       	pop	r0
    1756:	0f 90       	pop	r0
    1758:	0f 90       	pop	r0
    175a:	0f 90       	pop	r0
    175c:	df 91       	pop	r29
    175e:	cf 91       	pop	r28
    1760:	1f 91       	pop	r17
    1762:	08 95       	ret

00001764 <.L49>:
    1764:	10 5c       	subi	r17, 0xC0	; 192

00001766 <.L41>:
    1766:	10 92 f4 01 	sts	0x01F4, r1	; 0x8001f4 <LCD_LastError>
    176a:	10 92 f5 01 	sts	0x01F5, r1	; 0x8001f5 <LCD_LastError+0x1>
    176e:	40 e0       	ldi	r20, 0x00	; 0
    1770:	62 e0       	ldi	r22, 0x02	; 2
    1772:	82 e0       	ldi	r24, 0x02	; 2
    1774:	0e 94 81 0e 	call	0x1d02	; 0x1d02 <DIO_WritePin>
    1778:	81 2f       	mov	r24, r17
    177a:	82 95       	swap	r24
    177c:	8f 70       	andi	r24, 0x0F	; 15
    177e:	88 60       	ori	r24, 0x08	; 8
    1780:	0e 94 72 09 	call	0x12e4	; 0x12e4 <LCD_vidSendNibble>
    1784:	81 2f       	mov	r24, r17
    1786:	8f 70       	andi	r24, 0x0F	; 15
    1788:	0e 94 72 09 	call	0x12e4	; 0x12e4 <LCD_vidSendNibble>
    178c:	80 ed       	ldi	r24, 0xD0	; 208
    178e:	97 e0       	ldi	r25, 0x07	; 7
    1790:	a0 e0       	ldi	r26, 0x00	; 0
    1792:	b0 e0       	ldi	r27, 0x00	; 0
    1794:	89 83       	std	Y+1, r24	; 0x01
    1796:	9a 83       	std	Y+2, r25	; 0x02
    1798:	ab 83       	std	Y+3, r26	; 0x03
    179a:	bc 83       	std	Y+4, r27	; 0x04

0000179c <.L43>:
    179c:	89 81       	ldd	r24, Y+1	; 0x01
    179e:	9a 81       	ldd	r25, Y+2	; 0x02
    17a0:	ab 81       	ldd	r26, Y+3	; 0x03
    17a2:	bc 81       	ldd	r27, Y+4	; 0x04
    17a4:	ac 01       	movw	r20, r24
    17a6:	bd 01       	movw	r22, r26
    17a8:	41 50       	subi	r20, 0x01	; 1
    17aa:	51 09       	sbc	r21, r1
    17ac:	61 09       	sbc	r22, r1
    17ae:	71 09       	sbc	r23, r1
    17b0:	49 83       	std	Y+1, r20	; 0x01
    17b2:	5a 83       	std	Y+2, r21	; 0x02
    17b4:	6b 83       	std	Y+3, r22	; 0x03
    17b6:	7c 83       	std	Y+4, r23	; 0x04
    17b8:	89 2b       	or	r24, r25
    17ba:	8a 2b       	or	r24, r26
    17bc:	8b 2b       	or	r24, r27
    17be:	71 f7       	brne	.-36     	; 0x179c <.L43>
    17c0:	80 e0       	ldi	r24, 0x00	; 0
    17c2:	0f 90       	pop	r0
    17c4:	0f 90       	pop	r0
    17c6:	0f 90       	pop	r0
    17c8:	0f 90       	pop	r0
    17ca:	df 91       	pop	r29
    17cc:	cf 91       	pop	r28
    17ce:	1f 91       	pop	r17
    17d0:	08 95       	ret

000017d2 <.L48>:
    17d2:	82 e0       	ldi	r24, 0x02	; 2
    17d4:	80 93 f4 01 	sts	0x01F4, r24	; 0x8001f4 <LCD_LastError>
    17d8:	10 92 f5 01 	sts	0x01F5, r1	; 0x8001f5 <LCD_LastError+0x1>
    17dc:	0f 90       	pop	r0
    17de:	0f 90       	pop	r0
    17e0:	0f 90       	pop	r0
    17e2:	0f 90       	pop	r0
    17e4:	df 91       	pop	r29
    17e6:	cf 91       	pop	r28
    17e8:	1f 91       	pop	r17
    17ea:	08 95       	ret

000017ec <LCD_WriteNumber>:
    17ec:	8f 92       	push	r8
    17ee:	9f 92       	push	r9
    17f0:	af 92       	push	r10
    17f2:	bf 92       	push	r11
    17f4:	df 92       	push	r13
    17f6:	ef 92       	push	r14
    17f8:	ff 92       	push	r15
    17fa:	0f 93       	push	r16
    17fc:	1f 93       	push	r17
    17fe:	cf 93       	push	r28
    1800:	df 93       	push	r29
    1802:	cd b7       	in	r28, 0x3d	; 61
    1804:	de b7       	in	r29, 0x3e	; 62
    1806:	2a 97       	sbiw	r28, 0x0a	; 10
    1808:	0f b6       	in	r0, 0x3f	; 63
    180a:	f8 94       	cli
    180c:	de bf       	out	0x3e, r29	; 62
    180e:	0f be       	out	0x3f, r0	; 63
    1810:	cd bf       	out	0x3d, r28	; 61
    1812:	4b 01       	movw	r8, r22
    1814:	5c 01       	movw	r10, r24
    1816:	81 14       	cp	r8, r1
    1818:	91 04       	cpc	r9, r1
    181a:	a1 04       	cpc	r10, r1
    181c:	b1 04       	cpc	r11, r1
    181e:	09 f4       	brne	.+2      	; 0x1822 <L0^A+0x2>

00001820 <L0^A>:
    1820:	6b c0       	rjmp	.+214    	; 0x18f8 <.L61>
    1822:	9c f4       	brge	.+38     	; 0x184a <.L52>
    1824:	41 e0       	ldi	r20, 0x01	; 1
    1826:	62 e0       	ldi	r22, 0x02	; 2
    1828:	82 e0       	ldi	r24, 0x02	; 2
    182a:	0e 94 81 0e 	call	0x1d02	; 0x1d02 <DIO_WritePin>
    182e:	82 e0       	ldi	r24, 0x02	; 2
    1830:	0e 94 72 09 	call	0x12e4	; 0x12e4 <LCD_vidSendNibble>
    1834:	8d e0       	ldi	r24, 0x0D	; 13
    1836:	0e 94 72 09 	call	0x12e4	; 0x12e4 <LCD_vidSendNibble>
    183a:	b0 94       	com	r11
    183c:	a0 94       	com	r10
    183e:	90 94       	com	r9
    1840:	80 94       	com	r8
    1842:	81 1c       	adc	r8, r1
    1844:	91 1c       	adc	r9, r1
    1846:	a1 1c       	adc	r10, r1
    1848:	b1 1c       	adc	r11, r1

0000184a <.L52>:
    184a:	d8 2c       	mov	r13, r8
    184c:	09 2d       	mov	r16, r9
    184e:	75 01       	movw	r14, r10
    1850:	10 e0       	ldi	r17, 0x00	; 0
    1852:	9a e0       	ldi	r25, 0x0A	; 10
    1854:	89 2e       	mov	r8, r25
    1856:	91 2c       	mov	r9, r1
    1858:	a1 2c       	mov	r10, r1
    185a:	b1 2c       	mov	r11, r1

0000185c <.L53>:
    185c:	6d 2d       	mov	r22, r13
    185e:	70 2f       	mov	r23, r16
    1860:	c7 01       	movw	r24, r14
    1862:	94 01       	movw	r18, r8
    1864:	a5 01       	movw	r20, r10
    1866:	0e 94 26 14 	call	0x284c	; 0x284c <__udivmodsi4>
    186a:	fe 01       	movw	r30, r28
    186c:	31 96       	adiw	r30, 0x01	; 1
    186e:	e1 0f       	add	r30, r17
    1870:	f1 1d       	adc	r31, r1
    1872:	60 5d       	subi	r22, 0xD0	; 208
    1874:	60 83       	st	Z, r22
    1876:	8d 2d       	mov	r24, r13
    1878:	90 2f       	mov	r25, r16
    187a:	d7 01       	movw	r26, r14
    187c:	d2 2e       	mov	r13, r18
    187e:	03 2f       	mov	r16, r19
    1880:	7a 01       	movw	r14, r20
    1882:	21 2f       	mov	r18, r17
    1884:	1f 5f       	subi	r17, 0xFF	; 255
    1886:	0a 97       	sbiw	r24, 0x0a	; 10
    1888:	a1 05       	cpc	r26, r1
    188a:	b1 05       	cpc	r27, r1
    188c:	38 f7       	brcc	.-50     	; 0x185c <.L53>
    188e:	11 15       	cp	r17, r1
    1890:	09 f1       	breq	.+66     	; 0x18d4 <.L50>
    1892:	81 e0       	ldi	r24, 0x01	; 1
    1894:	e8 2e       	mov	r14, r24
    1896:	f1 2c       	mov	r15, r1
    1898:	ec 0e       	add	r14, r28
    189a:	fd 1e       	adc	r15, r29
    189c:	e1 0e       	add	r14, r17
    189e:	f1 1c       	adc	r15, r1
    18a0:	ce 01       	movw	r24, r28
    18a2:	81 0f       	add	r24, r17
    18a4:	91 1d       	adc	r25, r1
    18a6:	8c 01       	movw	r16, r24
    18a8:	02 1b       	sub	r16, r18
    18aa:	11 09       	sbc	r17, r1

000018ac <.L55>:
    18ac:	f7 01       	movw	r30, r14
    18ae:	d2 90       	ld	r13, -Z
    18b0:	7f 01       	movw	r14, r30
    18b2:	41 e0       	ldi	r20, 0x01	; 1
    18b4:	62 e0       	ldi	r22, 0x02	; 2
    18b6:	82 e0       	ldi	r24, 0x02	; 2
    18b8:	0e 94 81 0e 	call	0x1d02	; 0x1d02 <DIO_WritePin>
    18bc:	8d 2d       	mov	r24, r13
    18be:	82 95       	swap	r24
    18c0:	8f 70       	andi	r24, 0x0F	; 15
    18c2:	0e 94 72 09 	call	0x12e4	; 0x12e4 <LCD_vidSendNibble>
    18c6:	8d 2d       	mov	r24, r13
    18c8:	8f 70       	andi	r24, 0x0F	; 15
    18ca:	0e 94 72 09 	call	0x12e4	; 0x12e4 <LCD_vidSendNibble>
    18ce:	0e 15       	cp	r16, r14
    18d0:	1f 05       	cpc	r17, r15
    18d2:	61 f7       	brne	.-40     	; 0x18ac <.L55>

000018d4 <.L50>:
    18d4:	2a 96       	adiw	r28, 0x0a	; 10
    18d6:	0f b6       	in	r0, 0x3f	; 63
    18d8:	f8 94       	cli
    18da:	de bf       	out	0x3e, r29	; 62
    18dc:	0f be       	out	0x3f, r0	; 63
    18de:	cd bf       	out	0x3d, r28	; 61
    18e0:	df 91       	pop	r29
    18e2:	cf 91       	pop	r28
    18e4:	1f 91       	pop	r17
    18e6:	0f 91       	pop	r16
    18e8:	ff 90       	pop	r15
    18ea:	ef 90       	pop	r14
    18ec:	df 90       	pop	r13
    18ee:	bf 90       	pop	r11
    18f0:	af 90       	pop	r10
    18f2:	9f 90       	pop	r9
    18f4:	8f 90       	pop	r8
    18f6:	08 95       	ret

000018f8 <.L61>:
    18f8:	41 e0       	ldi	r20, 0x01	; 1
    18fa:	62 e0       	ldi	r22, 0x02	; 2
    18fc:	82 e0       	ldi	r24, 0x02	; 2
    18fe:	0e 94 81 0e 	call	0x1d02	; 0x1d02 <DIO_WritePin>
    1902:	83 e0       	ldi	r24, 0x03	; 3
    1904:	0e 94 72 09 	call	0x12e4	; 0x12e4 <LCD_vidSendNibble>
    1908:	80 e0       	ldi	r24, 0x00	; 0
    190a:	2a 96       	adiw	r28, 0x0a	; 10
    190c:	0f b6       	in	r0, 0x3f	; 63
    190e:	f8 94       	cli
    1910:	de bf       	out	0x3e, r29	; 62
    1912:	0f be       	out	0x3f, r0	; 63
    1914:	cd bf       	out	0x3d, r28	; 61
    1916:	df 91       	pop	r29
    1918:	cf 91       	pop	r28
    191a:	1f 91       	pop	r17
    191c:	0f 91       	pop	r16
    191e:	ff 90       	pop	r15
    1920:	ef 90       	pop	r14
    1922:	df 90       	pop	r13
    1924:	bf 90       	pop	r11
    1926:	af 90       	pop	r10
    1928:	9f 90       	pop	r9
    192a:	8f 90       	pop	r8
    192c:	0c 94 72 09 	jmp	0x12e4	; 0x12e4 <LCD_vidSendNibble>

00001930 <LCD_StoreSpecialCharacter>:
    1930:	cf 92       	push	r12
    1932:	df 92       	push	r13
    1934:	ff 92       	push	r15
    1936:	0f 93       	push	r16
    1938:	1f 93       	push	r17
    193a:	cf 93       	push	r28
    193c:	df 93       	push	r29
    193e:	00 d0       	rcall	.+0      	; 0x1940 <L0^A>

00001940 <L0^A>:
    1940:	00 d0       	rcall	.+0      	; 0x1942 <L0^A>

00001942 <L0^A>:
    1942:	cd b7       	in	r28, 0x3d	; 61
    1944:	de b7       	in	r29, 0x3e	; 62
    1946:	8c 01       	movw	r16, r24
    1948:	89 2b       	or	r24, r25
    194a:	09 f4       	brne	.+2      	; 0x194e <L0^A+0x2>

0000194c <L0^A>:
    194c:	6e c0       	rjmp	.+220    	; 0x1a2a <.L70>
    194e:	68 30       	cpi	r22, 0x08	; 8
    1950:	08 f0       	brcs	.+2      	; 0x1954 <L0^A+0x2>

00001952 <L0^A>:
    1952:	65 c0       	rjmp	.+202    	; 0x1a1e <.L71>
    1954:	10 92 f4 01 	sts	0x01F4, r1	; 0x8001f4 <LCD_LastError>
    1958:	10 92 f5 01 	sts	0x01F5, r1	; 0x8001f5 <LCD_LastError+0x1>
    195c:	f6 2e       	mov	r15, r22
    195e:	ff 0c       	add	r15, r15
    1960:	ff 0c       	add	r15, r15
    1962:	ff 0c       	add	r15, r15
    1964:	40 e0       	ldi	r20, 0x00	; 0
    1966:	62 e0       	ldi	r22, 0x02	; 2
    1968:	82 e0       	ldi	r24, 0x02	; 2
    196a:	0e 94 81 0e 	call	0x1d02	; 0x1d02 <DIO_WritePin>
    196e:	8f 2d       	mov	r24, r15
    1970:	82 95       	swap	r24
    1972:	8f 70       	andi	r24, 0x0F	; 15
    1974:	84 60       	ori	r24, 0x04	; 4
    1976:	0e 94 72 09 	call	0x12e4	; 0x12e4 <LCD_vidSendNibble>
    197a:	8f 2d       	mov	r24, r15
    197c:	88 70       	andi	r24, 0x08	; 8
    197e:	0e 94 72 09 	call	0x12e4	; 0x12e4 <LCD_vidSendNibble>
    1982:	68 01       	movw	r12, r16
    1984:	88 e0       	ldi	r24, 0x08	; 8
    1986:	c8 0e       	add	r12, r24
    1988:	d1 1c       	adc	r13, r1

0000198a <.L66>:
    198a:	f8 01       	movw	r30, r16
    198c:	f1 90       	ld	r15, Z+
    198e:	8f 01       	movw	r16, r30
    1990:	41 e0       	ldi	r20, 0x01	; 1
    1992:	62 e0       	ldi	r22, 0x02	; 2
    1994:	82 e0       	ldi	r24, 0x02	; 2
    1996:	0e 94 81 0e 	call	0x1d02	; 0x1d02 <DIO_WritePin>
    199a:	8f 2d       	mov	r24, r15
    199c:	82 95       	swap	r24
    199e:	8f 70       	andi	r24, 0x0F	; 15
    19a0:	0e 94 72 09 	call	0x12e4	; 0x12e4 <LCD_vidSendNibble>
    19a4:	8f 2d       	mov	r24, r15
    19a6:	8f 70       	andi	r24, 0x0F	; 15
    19a8:	0e 94 72 09 	call	0x12e4	; 0x12e4 <LCD_vidSendNibble>
    19ac:	0c 15       	cp	r16, r12
    19ae:	1d 05       	cpc	r17, r13
    19b0:	61 f7       	brne	.-40     	; 0x198a <.L66>
    19b2:	10 92 f4 01 	sts	0x01F4, r1	; 0x8001f4 <LCD_LastError>
    19b6:	10 92 f5 01 	sts	0x01F5, r1	; 0x8001f5 <LCD_LastError+0x1>
    19ba:	40 e0       	ldi	r20, 0x00	; 0
    19bc:	62 e0       	ldi	r22, 0x02	; 2
    19be:	82 e0       	ldi	r24, 0x02	; 2
    19c0:	0e 94 81 0e 	call	0x1d02	; 0x1d02 <DIO_WritePin>
    19c4:	88 e0       	ldi	r24, 0x08	; 8
    19c6:	0e 94 72 09 	call	0x12e4	; 0x12e4 <LCD_vidSendNibble>
    19ca:	80 e0       	ldi	r24, 0x00	; 0
    19cc:	0e 94 72 09 	call	0x12e4	; 0x12e4 <LCD_vidSendNibble>
    19d0:	80 ed       	ldi	r24, 0xD0	; 208
    19d2:	97 e0       	ldi	r25, 0x07	; 7
    19d4:	a0 e0       	ldi	r26, 0x00	; 0
    19d6:	b0 e0       	ldi	r27, 0x00	; 0
    19d8:	89 83       	std	Y+1, r24	; 0x01
    19da:	9a 83       	std	Y+2, r25	; 0x02
    19dc:	ab 83       	std	Y+3, r26	; 0x03
    19de:	bc 83       	std	Y+4, r27	; 0x04

000019e0 <.L67>:
    19e0:	89 81       	ldd	r24, Y+1	; 0x01
    19e2:	9a 81       	ldd	r25, Y+2	; 0x02
    19e4:	ab 81       	ldd	r26, Y+3	; 0x03
    19e6:	bc 81       	ldd	r27, Y+4	; 0x04
    19e8:	ac 01       	movw	r20, r24
    19ea:	bd 01       	movw	r22, r26
    19ec:	41 50       	subi	r20, 0x01	; 1
    19ee:	51 09       	sbc	r21, r1
    19f0:	61 09       	sbc	r22, r1
    19f2:	71 09       	sbc	r23, r1
    19f4:	49 83       	std	Y+1, r20	; 0x01
    19f6:	5a 83       	std	Y+2, r21	; 0x02
    19f8:	6b 83       	std	Y+3, r22	; 0x03
    19fa:	7c 83       	std	Y+4, r23	; 0x04
    19fc:	89 2b       	or	r24, r25
    19fe:	8a 2b       	or	r24, r26
    1a00:	8b 2b       	or	r24, r27
    1a02:	71 f7       	brne	.-36     	; 0x19e0 <.L67>
    1a04:	80 e0       	ldi	r24, 0x00	; 0

00001a06 <.L62>:
    1a06:	0f 90       	pop	r0
    1a08:	0f 90       	pop	r0
    1a0a:	0f 90       	pop	r0
    1a0c:	0f 90       	pop	r0
    1a0e:	df 91       	pop	r29
    1a10:	cf 91       	pop	r28
    1a12:	1f 91       	pop	r17
    1a14:	0f 91       	pop	r16
    1a16:	ff 90       	pop	r15
    1a18:	df 90       	pop	r13
    1a1a:	cf 90       	pop	r12
    1a1c:	08 95       	ret

00001a1e <.L71>:
    1a1e:	85 e0       	ldi	r24, 0x05	; 5
    1a20:	80 93 f4 01 	sts	0x01F4, r24	; 0x8001f4 <LCD_LastError>
    1a24:	10 92 f5 01 	sts	0x01F5, r1	; 0x8001f5 <LCD_LastError+0x1>
    1a28:	ee cf       	rjmp	.-36     	; 0x1a06 <.L62>

00001a2a <.L70>:
    1a2a:	83 e0       	ldi	r24, 0x03	; 3
    1a2c:	80 93 f4 01 	sts	0x01F4, r24	; 0x8001f4 <LCD_LastError>
    1a30:	10 92 f5 01 	sts	0x01F5, r1	; 0x8001f5 <LCD_LastError+0x1>
    1a34:	e8 cf       	rjmp	.-48     	; 0x1a06 <.L62>

00001a36 <LCD_GetLastError>:
    1a36:	80 91 f4 01 	lds	r24, 0x01F4	; 0x8001f4 <LCD_LastError>
    1a3a:	90 91 f5 01 	lds	r25, 0x01F5	; 0x8001f5 <LCD_LastError+0x1>
    1a3e:	08 95       	ret

00001a40 <LCD_ClearError>:
    1a40:	10 92 f4 01 	sts	0x01F4, r1	; 0x8001f4 <LCD_LastError>
    1a44:	10 92 f5 01 	sts	0x01F5, r1	; 0x8001f5 <LCD_LastError+0x1>
    1a48:	08 95       	ret

00001a4a <LDR_GetLightPercentage>:
    1a4a:	0e 94 d2 0d 	call	0x1ba4	; 0x1ba4 <ADC_ReadChannelPolling>
    1a4e:	9c 01       	movw	r18, r24
    1a50:	a4 e6       	ldi	r26, 0x64	; 100
    1a52:	b0 e0       	ldi	r27, 0x00	; 0
    1a54:	0e 94 17 14 	call	0x282e	; 0x282e <__umulhisi3>
    1a58:	a9 2f       	mov	r26, r25
    1a5a:	98 2f       	mov	r25, r24
    1a5c:	87 2f       	mov	r24, r23
    1a5e:	a6 95       	lsr	r26
    1a60:	97 95       	ror	r25
    1a62:	87 95       	ror	r24
    1a64:	a6 95       	lsr	r26
    1a66:	97 95       	ror	r25
    1a68:	87 95       	ror	r24
    1a6a:	08 95       	ret

00001a6c <Led_Init>:
    1a6c:	41 e0       	ldi	r20, 0x01	; 1
    1a6e:	0c 94 33 0e 	jmp	0x1c66	; 0x1c66 <DIO_DirectionSelectforPin>

00001a72 <Led_On>:
    1a72:	41 30       	cpi	r20, 0x01	; 1
    1a74:	11 f0       	breq	.+4      	; 0x1a7a <.L6>
    1a76:	08 f0       	brcs	.+2      	; 0x1a7a <.L6>
    1a78:	08 95       	ret

00001a7a <.L6>:
    1a7a:	0c 94 81 0e 	jmp	0x1d02	; 0x1d02 <DIO_WritePin>

00001a7e <Led_Off>:
    1a7e:	41 30       	cpi	r20, 0x01	; 1
    1a80:	29 f0       	breq	.+10     	; 0x1a8c <.L10>
    1a82:	08 f0       	brcs	.+2      	; 0x1a86 <.L11>
    1a84:	08 95       	ret

00001a86 <.L11>:
    1a86:	41 e0       	ldi	r20, 0x01	; 1
    1a88:	0c 94 81 0e 	jmp	0x1d02	; 0x1d02 <DIO_WritePin>

00001a8c <.L10>:
    1a8c:	40 e0       	ldi	r20, 0x00	; 0
    1a8e:	0c 94 81 0e 	jmp	0x1d02	; 0x1d02 <DIO_WritePin>

00001a92 <Led_Toggle>:
    1a92:	0c 94 12 0f 	jmp	0x1e24	; 0x1e24 <DIO_TogglePin>

00001a96 <LM35_GetTemperature>:
    1a96:	0e 94 d2 0d 	call	0x1ba4	; 0x1ba4 <ADC_ReadChannelPolling>
    1a9a:	9c 01       	movw	r18, r24
    1a9c:	a8 e8       	ldi	r26, 0x88	; 136
    1a9e:	b3 e1       	ldi	r27, 0x13	; 19
    1aa0:	0e 94 17 14 	call	0x282e	; 0x282e <__umulhisi3>
    1aa4:	27 2f       	mov	r18, r23
    1aa6:	38 2f       	mov	r19, r24
    1aa8:	49 2f       	mov	r20, r25
    1aaa:	50 e0       	ldi	r21, 0x00	; 0
    1aac:	46 95       	lsr	r20
    1aae:	37 95       	ror	r19
    1ab0:	27 95       	ror	r18
    1ab2:	46 95       	lsr	r20
    1ab4:	37 95       	ror	r19
    1ab6:	27 95       	ror	r18
    1ab8:	88 97       	sbiw	r24, 0x28	; 40
    1aba:	48 f4       	brcc	.+18     	; 0x1ace <.L3>
    1abc:	b9 01       	movw	r22, r18
    1abe:	ca 01       	movw	r24, r20
    1ac0:	2a e0       	ldi	r18, 0x0A	; 10
    1ac2:	30 e0       	ldi	r19, 0x00	; 0
    1ac4:	40 e0       	ldi	r20, 0x00	; 0
    1ac6:	0e 94 26 14 	call	0x284c	; 0x284c <__udivmodsi4>
    1aca:	82 2f       	mov	r24, r18
    1acc:	08 95       	ret

00001ace <.L3>:
    1ace:	8f ef       	ldi	r24, 0xFF	; 255
    1ad0:	08 95       	ret

00001ad2 <Relay_Init>:
    1ad2:	cf 93       	push	r28
    1ad4:	df 93       	push	r29
    1ad6:	00 d0       	rcall	.+0      	; 0x1ad8 <L0^A>

00001ad8 <L0^A>:
    1ad8:	cd b7       	in	r28, 0x3d	; 61
    1ada:	de b7       	in	r29, 0x3e	; 62
    1adc:	89 83       	std	Y+1, r24	; 0x01
    1ade:	6a 83       	std	Y+2, r22	; 0x02
    1ae0:	41 e0       	ldi	r20, 0x01	; 1
    1ae2:	0e 94 33 0e 	call	0x1c66	; 0x1c66 <DIO_DirectionSelectforPin>
    1ae6:	40 e0       	ldi	r20, 0x00	; 0
    1ae8:	6a 81       	ldd	r22, Y+2	; 0x02
    1aea:	89 81       	ldd	r24, Y+1	; 0x01
    1aec:	0f 90       	pop	r0
    1aee:	0f 90       	pop	r0
    1af0:	df 91       	pop	r29
    1af2:	cf 91       	pop	r28
    1af4:	0c 94 81 0e 	jmp	0x1d02	; 0x1d02 <DIO_WritePin>

00001af8 <Relay_On>:
    1af8:	41 30       	cpi	r20, 0x01	; 1
    1afa:	11 f0       	breq	.+4      	; 0x1b00 <.L6>
    1afc:	08 f0       	brcs	.+2      	; 0x1b00 <.L6>
    1afe:	08 95       	ret

00001b00 <.L6>:
    1b00:	0c 94 81 0e 	jmp	0x1d02	; 0x1d02 <DIO_WritePin>

00001b04 <Relay_Off>:
    1b04:	41 30       	cpi	r20, 0x01	; 1
    1b06:	29 f0       	breq	.+10     	; 0x1b12 <.L10>
    1b08:	08 f0       	brcs	.+2      	; 0x1b0c <.L11>
    1b0a:	08 95       	ret

00001b0c <.L11>:
    1b0c:	41 e0       	ldi	r20, 0x01	; 1
    1b0e:	0c 94 81 0e 	jmp	0x1d02	; 0x1d02 <DIO_WritePin>

00001b12 <.L10>:
    1b12:	40 e0       	ldi	r20, 0x00	; 0
    1b14:	0c 94 81 0e 	jmp	0x1d02	; 0x1d02 <DIO_WritePin>

00001b18 <SSD_Init>:
    1b18:	6f ef       	ldi	r22, 0xFF	; 255
    1b1a:	0c 94 71 0e 	jmp	0x1ce2	; 0x1ce2 <DIO_DirectionSelectforGroup>

00001b1e <SSD_DisplayNumber>:
    1b1e:	4a 30       	cpi	r20, 0x0A	; 10
    1b20:	68 f4       	brcc	.+26     	; 0x1b3c <.L3>
    1b22:	91 e0       	ldi	r25, 0x01	; 1
    1b24:	61 11       	cpse	r22, r1
    1b26:	0b c0       	rjmp	.+22     	; 0x1b3e <.L9>

00001b28 <.L5>:
    1b28:	69 2f       	mov	r22, r25
    1b2a:	61 95       	neg	r22
    1b2c:	e4 2f       	mov	r30, r20
    1b2e:	f0 e0       	ldi	r31, 0x00	; 0
    1b30:	eb 57       	subi	r30, 0x7B	; 123
    1b32:	ff 4f       	sbci	r31, 0xFF	; 255
    1b34:	90 81       	ld	r25, Z
    1b36:	69 27       	eor	r22, r25
    1b38:	0c 94 bf 0e 	jmp	0x1d7e	; 0x1d7e <DIO_WriteGroup>

00001b3c <.L3>:
    1b3c:	08 95       	ret

00001b3e <.L9>:
    1b3e:	90 e0       	ldi	r25, 0x00	; 0
    1b40:	f3 cf       	rjmp	.-26     	; 0x1b28 <.L5>

00001b42 <SSD_Off>:
    1b42:	61 11       	cpse	r22, r1
    1b44:	03 c0       	rjmp	.+6      	; 0x1b4c <.L11>
    1b46:	6f ef       	ldi	r22, 0xFF	; 255
    1b48:	0c 94 bf 0e 	jmp	0x1d7e	; 0x1d7e <DIO_WriteGroup>

00001b4c <.L11>:
    1b4c:	60 e0       	ldi	r22, 0x00	; 0
    1b4e:	0c 94 bf 0e 	jmp	0x1d7e	; 0x1d7e <DIO_WriteGroup>

00001b52 <ADC_Init>:
    1b52:	fc 01       	movw	r30, r24
    1b54:	89 2b       	or	r24, r25
    1b56:	f1 f0       	breq	.+60     	; 0x1b94 <.L1>
    1b58:	97 b1       	in	r25, 0x07	; 7
    1b5a:	9f 73       	andi	r25, 0x3F	; 63
    1b5c:	80 81       	ld	r24, Z
    1b5e:	89 2b       	or	r24, r25
    1b60:	87 b9       	out	0x07, r24	; 7
    1b62:	97 b1       	in	r25, 0x07	; 7
    1b64:	9f 7d       	andi	r25, 0xDF	; 223
    1b66:	82 81       	ldd	r24, Z+2	; 0x02
    1b68:	89 2b       	or	r24, r25
    1b6a:	87 b9       	out	0x07, r24	; 7
    1b6c:	96 b1       	in	r25, 0x06	; 6
    1b6e:	98 7f       	andi	r25, 0xF8	; 248
    1b70:	84 81       	ldd	r24, Z+4	; 0x04
    1b72:	89 2b       	or	r24, r25
    1b74:	86 b9       	out	0x06, r24	; 6
    1b76:	86 81       	ldd	r24, Z+6	; 0x06
    1b78:	97 81       	ldd	r25, Z+7	; 0x07
    1b7a:	80 97       	sbiw	r24, 0x20	; 32
    1b7c:	61 f0       	breq	.+24     	; 0x1b96 <.L9>
    1b7e:	35 98       	cbi	0x06, 5	; 6

00001b80 <.L4>:
    1b80:	96 b1       	in	r25, 0x06	; 6
    1b82:	97 7f       	andi	r25, 0xF7	; 247
    1b84:	82 85       	ldd	r24, Z+10	; 0x0a
    1b86:	89 2b       	or	r24, r25
    1b88:	86 b9       	out	0x06, r24	; 6
    1b8a:	96 b1       	in	r25, 0x06	; 6
    1b8c:	9f 77       	andi	r25, 0x7F	; 127
    1b8e:	84 85       	ldd	r24, Z+12	; 0x0c
    1b90:	89 2b       	or	r24, r25
    1b92:	86 b9       	out	0x06, r24	; 6

00001b94 <.L1>:
    1b94:	08 95       	ret

00001b96 <.L9>:
    1b96:	35 9a       	sbi	0x06, 5	; 6
    1b98:	90 b7       	in	r25, 0x30	; 48
    1b9a:	9f 71       	andi	r25, 0x1F	; 31
    1b9c:	80 85       	ldd	r24, Z+8	; 0x08
    1b9e:	89 2b       	or	r24, r25
    1ba0:	80 bf       	out	0x30, r24	; 48
    1ba2:	ee cf       	rjmp	.-36     	; 0x1b80 <.L4>

00001ba4 <ADC_ReadChannelPolling>:
    1ba4:	97 b1       	in	r25, 0x07	; 7
    1ba6:	8f 71       	andi	r24, 0x1F	; 31
    1ba8:	90 7e       	andi	r25, 0xE0	; 224
    1baa:	89 2b       	or	r24, r25
    1bac:	87 b9       	out	0x07, r24	; 7
    1bae:	36 9a       	sbi	0x06, 6	; 6

00001bb0 <.L11>:
    1bb0:	34 9b       	sbis	0x06, 4	; 6
    1bb2:	fe cf       	rjmp	.-4      	; 0x1bb0 <.L11>
    1bb4:	34 9a       	sbi	0x06, 4	; 6
    1bb6:	3d 9b       	sbis	0x07, 5	; 7
    1bb8:	0d c0       	rjmp	.+26     	; 0x1bd4 <.L12>
    1bba:	24 b1       	in	r18, 0x04	; 4
    1bbc:	85 b1       	in	r24, 0x05	; 5
    1bbe:	22 95       	swap	r18
    1bc0:	26 95       	lsr	r18
    1bc2:	26 95       	lsr	r18
    1bc4:	23 70       	andi	r18, 0x03	; 3
    1bc6:	90 e0       	ldi	r25, 0x00	; 0
    1bc8:	88 0f       	add	r24, r24
    1bca:	99 1f       	adc	r25, r25
    1bcc:	88 0f       	add	r24, r24
    1bce:	99 1f       	adc	r25, r25
    1bd0:	82 2b       	or	r24, r18
    1bd2:	08 95       	ret

00001bd4 <.L12>:
    1bd4:	84 b1       	in	r24, 0x04	; 4
    1bd6:	95 b1       	in	r25, 0x05	; 5
    1bd8:	08 95       	ret

00001bda <ADC_StartConversionInterrupt>:
    1bda:	97 b1       	in	r25, 0x07	; 7
    1bdc:	8f 71       	andi	r24, 0x1F	; 31
    1bde:	90 7e       	andi	r25, 0xE0	; 224
    1be0:	89 2b       	or	r24, r25
    1be2:	87 b9       	out	0x07, r24	; 7
    1be4:	36 9a       	sbi	0x06, 6	; 6
    1be6:	08 95       	ret

00001be8 <ADC_SetCallBack>:
    1be8:	80 93 f6 01 	sts	0x01F6, r24	; 0x8001f6 <ADC_CallBackPtr>
    1bec:	90 93 f7 01 	sts	0x01F7, r25	; 0x8001f7 <ADC_CallBackPtr+0x1>
    1bf0:	08 95       	ret

00001bf2 <__vector_16>:
    1bf2:	1f 92       	push	r1
    1bf4:	0f 92       	push	r0
    1bf6:	0f b6       	in	r0, 0x3f	; 63
    1bf8:	0f 92       	push	r0
    1bfa:	11 24       	eor	r1, r1
    1bfc:	2f 93       	push	r18
    1bfe:	3f 93       	push	r19
    1c00:	4f 93       	push	r20
    1c02:	5f 93       	push	r21
    1c04:	6f 93       	push	r22
    1c06:	7f 93       	push	r23
    1c08:	8f 93       	push	r24
    1c0a:	9f 93       	push	r25
    1c0c:	af 93       	push	r26
    1c0e:	bf 93       	push	r27
    1c10:	ef 93       	push	r30
    1c12:	ff 93       	push	r31
    1c14:	3d 9b       	sbis	0x07, 5	; 7
    1c16:	24 c0       	rjmp	.+72     	; 0x1c60 <.L19>
    1c18:	24 b1       	in	r18, 0x04	; 4
    1c1a:	85 b1       	in	r24, 0x05	; 5
    1c1c:	22 95       	swap	r18
    1c1e:	26 95       	lsr	r18
    1c20:	26 95       	lsr	r18
    1c22:	23 70       	andi	r18, 0x03	; 3
    1c24:	90 e0       	ldi	r25, 0x00	; 0
    1c26:	88 0f       	add	r24, r24
    1c28:	99 1f       	adc	r25, r25
    1c2a:	88 0f       	add	r24, r24
    1c2c:	99 1f       	adc	r25, r25
    1c2e:	82 2b       	or	r24, r18

00001c30 <.L20>:
    1c30:	e0 91 f6 01 	lds	r30, 0x01F6	; 0x8001f6 <ADC_CallBackPtr>
    1c34:	f0 91 f7 01 	lds	r31, 0x01F7	; 0x8001f7 <ADC_CallBackPtr+0x1>
    1c38:	30 97       	sbiw	r30, 0x00	; 0
    1c3a:	09 f0       	breq	.+2      	; 0x1c3e <.L18>
    1c3c:	09 95       	icall

00001c3e <.L18>:
    1c3e:	ff 91       	pop	r31
    1c40:	ef 91       	pop	r30
    1c42:	bf 91       	pop	r27
    1c44:	af 91       	pop	r26
    1c46:	9f 91       	pop	r25
    1c48:	8f 91       	pop	r24
    1c4a:	7f 91       	pop	r23
    1c4c:	6f 91       	pop	r22
    1c4e:	5f 91       	pop	r21
    1c50:	4f 91       	pop	r20
    1c52:	3f 91       	pop	r19
    1c54:	2f 91       	pop	r18
    1c56:	0f 90       	pop	r0
    1c58:	0f be       	out	0x3f, r0	; 63
    1c5a:	0f 90       	pop	r0
    1c5c:	1f 90       	pop	r1
    1c5e:	18 95       	reti

00001c60 <.L19>:
    1c60:	84 b1       	in	r24, 0x04	; 4
    1c62:	95 b1       	in	r25, 0x05	; 5
    1c64:	e5 cf       	rjmp	.-54     	; 0x1c30 <.L20>

00001c66 <DIO_DirectionSelectforPin>:
    1c66:	84 30       	cpi	r24, 0x04	; 4
    1c68:	c0 f4       	brcc	.+48     	; 0x1c9a <.L1>
    1c6a:	68 30       	cpi	r22, 0x08	; 8
    1c6c:	b0 f4       	brcc	.+44     	; 0x1c9a <.L1>
    1c6e:	41 30       	cpi	r20, 0x01	; 1
    1c70:	a9 f0       	breq	.+42     	; 0x1c9c <.L11>
    1c72:	98 f4       	brcc	.+38     	; 0x1c9a <.L1>
    1c74:	21 e0       	ldi	r18, 0x01	; 1
    1c76:	01 c0       	rjmp	.+2      	; 0x1c7a <.L2^B1>

00001c78 <.L1^B1>:
    1c78:	22 0f       	add	r18, r18

00001c7a <.L2^B1>:
    1c7a:	6a 95       	dec	r22
    1c7c:	ea f7       	brpl	.-6      	; 0x1c78 <.L1^B1>
    1c7e:	20 95       	com	r18
    1c80:	82 30       	cpi	r24, 0x02	; 2
    1c82:	39 f1       	breq	.+78     	; 0x1cd2 <.L7>
    1c84:	83 30       	cpi	r24, 0x03	; 3
    1c86:	31 f0       	breq	.+12     	; 0x1c94 <.L8>
    1c88:	81 30       	cpi	r24, 0x01	; 1
    1c8a:	39 f1       	breq	.+78     	; 0x1cda <.L9>
    1c8c:	8a b3       	in	r24, 0x1a	; 26
    1c8e:	82 23       	and	r24, r18
    1c90:	8a bb       	out	0x1a, r24	; 26
    1c92:	08 95       	ret

00001c94 <.L8>:
    1c94:	81 b3       	in	r24, 0x11	; 17
    1c96:	82 23       	and	r24, r18
    1c98:	81 bb       	out	0x11, r24	; 17

00001c9a <.L1>:
    1c9a:	08 95       	ret

00001c9c <.L11>:
    1c9c:	21 e0       	ldi	r18, 0x01	; 1
    1c9e:	01 c0       	rjmp	.+2      	; 0x1ca2 <.L2^B2>

00001ca0 <.L1^B2>:
    1ca0:	22 0f       	add	r18, r18

00001ca2 <.L2^B2>:
    1ca2:	6a 95       	dec	r22
    1ca4:	ea f7       	brpl	.-6      	; 0x1ca0 <.L1^B2>
    1ca6:	82 30       	cpi	r24, 0x02	; 2
    1ca8:	61 f0       	breq	.+24     	; 0x1cc2 <.L4>
    1caa:	83 30       	cpi	r24, 0x03	; 3
    1cac:	31 f0       	breq	.+12     	; 0x1cba <.L5>
    1cae:	81 30       	cpi	r24, 0x01	; 1
    1cb0:	61 f0       	breq	.+24     	; 0x1cca <.L6>
    1cb2:	8a b3       	in	r24, 0x1a	; 26
    1cb4:	82 2b       	or	r24, r18
    1cb6:	8a bb       	out	0x1a, r24	; 26
    1cb8:	08 95       	ret

00001cba <.L5>:
    1cba:	81 b3       	in	r24, 0x11	; 17
    1cbc:	82 2b       	or	r24, r18
    1cbe:	81 bb       	out	0x11, r24	; 17
    1cc0:	08 95       	ret

00001cc2 <.L4>:
    1cc2:	84 b3       	in	r24, 0x14	; 20
    1cc4:	82 2b       	or	r24, r18
    1cc6:	84 bb       	out	0x14, r24	; 20
    1cc8:	08 95       	ret

00001cca <.L6>:
    1cca:	87 b3       	in	r24, 0x17	; 23
    1ccc:	82 2b       	or	r24, r18
    1cce:	87 bb       	out	0x17, r24	; 23
    1cd0:	08 95       	ret

00001cd2 <.L7>:
    1cd2:	84 b3       	in	r24, 0x14	; 20
    1cd4:	82 23       	and	r24, r18
    1cd6:	84 bb       	out	0x14, r24	; 20
    1cd8:	08 95       	ret

00001cda <.L9>:
    1cda:	87 b3       	in	r24, 0x17	; 23
    1cdc:	82 23       	and	r24, r18
    1cde:	87 bb       	out	0x17, r24	; 23
    1ce0:	08 95       	ret

00001ce2 <DIO_DirectionSelectforGroup>:
    1ce2:	82 30       	cpi	r24, 0x02	; 2
    1ce4:	49 f0       	breq	.+18     	; 0x1cf8 <.L13>
    1ce6:	20 f4       	brcc	.+8      	; 0x1cf0 <.L14>
    1ce8:	81 15       	cp	r24, r1
    1cea:	41 f0       	breq	.+16     	; 0x1cfc <.L20>
    1cec:	67 bb       	out	0x17, r22	; 23
    1cee:	08 95       	ret

00001cf0 <.L14>:
    1cf0:	83 30       	cpi	r24, 0x03	; 3
    1cf2:	31 f4       	brne	.+12     	; 0x1d00 <.L21>
    1cf4:	61 bb       	out	0x11, r22	; 17
    1cf6:	08 95       	ret

00001cf8 <.L13>:
    1cf8:	64 bb       	out	0x14, r22	; 20
    1cfa:	08 95       	ret

00001cfc <.L20>:
    1cfc:	6a bb       	out	0x1a, r22	; 26
    1cfe:	08 95       	ret

00001d00 <.L21>:
    1d00:	08 95       	ret

00001d02 <DIO_WritePin>:
    1d02:	84 30       	cpi	r24, 0x04	; 4
    1d04:	c0 f4       	brcc	.+48     	; 0x1d36 <.L22>
    1d06:	68 30       	cpi	r22, 0x08	; 8
    1d08:	b0 f4       	brcc	.+44     	; 0x1d36 <.L22>
    1d0a:	41 30       	cpi	r20, 0x01	; 1
    1d0c:	a9 f0       	breq	.+42     	; 0x1d38 <.L31>
    1d0e:	98 f4       	brcc	.+38     	; 0x1d36 <.L22>
    1d10:	21 e0       	ldi	r18, 0x01	; 1
    1d12:	01 c0       	rjmp	.+2      	; 0x1d16 <.L2^B3>

00001d14 <.L1^B3>:
    1d14:	22 0f       	add	r18, r18

00001d16 <.L2^B3>:
    1d16:	6a 95       	dec	r22
    1d18:	ea f7       	brpl	.-6      	; 0x1d14 <.L1^B3>
    1d1a:	20 95       	com	r18
    1d1c:	82 30       	cpi	r24, 0x02	; 2
    1d1e:	39 f1       	breq	.+78     	; 0x1d6e <.L28>
    1d20:	83 30       	cpi	r24, 0x03	; 3
    1d22:	31 f0       	breq	.+12     	; 0x1d30 <.L29>
    1d24:	81 30       	cpi	r24, 0x01	; 1
    1d26:	39 f1       	breq	.+78     	; 0x1d76 <.L30>
    1d28:	8b b3       	in	r24, 0x1b	; 27
    1d2a:	82 23       	and	r24, r18
    1d2c:	8b bb       	out	0x1b, r24	; 27
    1d2e:	08 95       	ret

00001d30 <.L29>:
    1d30:	82 b3       	in	r24, 0x12	; 18
    1d32:	82 23       	and	r24, r18
    1d34:	82 bb       	out	0x12, r24	; 18

00001d36 <.L22>:
    1d36:	08 95       	ret

00001d38 <.L31>:
    1d38:	21 e0       	ldi	r18, 0x01	; 1
    1d3a:	01 c0       	rjmp	.+2      	; 0x1d3e <.L2^B4>

00001d3c <.L1^B4>:
    1d3c:	22 0f       	add	r18, r18

00001d3e <.L2^B4>:
    1d3e:	6a 95       	dec	r22
    1d40:	ea f7       	brpl	.-6      	; 0x1d3c <.L1^B4>
    1d42:	82 30       	cpi	r24, 0x02	; 2
    1d44:	61 f0       	breq	.+24     	; 0x1d5e <.L25>
    1d46:	83 30       	cpi	r24, 0x03	; 3
    1d48:	31 f0       	breq	.+12     	; 0x1d56 <.L26>
    1d4a:	81 30       	cpi	r24, 0x01	; 1
    1d4c:	61 f0       	breq	.+24     	; 0x1d66 <.L27>
    1d4e:	8b b3       	in	r24, 0x1b	; 27
    1d50:	82 2b       	or	r24, r18
    1d52:	8b bb       	out	0x1b, r24	; 27
    1d54:	08 95       	ret

00001d56 <.L26>:
    1d56:	82 b3       	in	r24, 0x12	; 18
    1d58:	82 2b       	or	r24, r18
    1d5a:	82 bb       	out	0x12, r24	; 18
    1d5c:	08 95       	ret

00001d5e <.L25>:
    1d5e:	85 b3       	in	r24, 0x15	; 21
    1d60:	82 2b       	or	r24, r18
    1d62:	85 bb       	out	0x15, r24	; 21
    1d64:	08 95       	ret

00001d66 <.L27>:
    1d66:	88 b3       	in	r24, 0x18	; 24
    1d68:	82 2b       	or	r24, r18
    1d6a:	88 bb       	out	0x18, r24	; 24
    1d6c:	08 95       	ret

00001d6e <.L28>:
    1d6e:	85 b3       	in	r24, 0x15	; 21
    1d70:	82 23       	and	r24, r18
    1d72:	85 bb       	out	0x15, r24	; 21
    1d74:	08 95       	ret

00001d76 <.L30>:
    1d76:	88 b3       	in	r24, 0x18	; 24
    1d78:	82 23       	and	r24, r18
    1d7a:	88 bb       	out	0x18, r24	; 24
    1d7c:	08 95       	ret

00001d7e <DIO_WriteGroup>:
    1d7e:	82 30       	cpi	r24, 0x02	; 2
    1d80:	49 f0       	breq	.+18     	; 0x1d94 <.L33>
    1d82:	20 f4       	brcc	.+8      	; 0x1d8c <.L34>
    1d84:	81 15       	cp	r24, r1
    1d86:	41 f0       	breq	.+16     	; 0x1d98 <.L40>
    1d88:	68 bb       	out	0x18, r22	; 24
    1d8a:	08 95       	ret

00001d8c <.L34>:
    1d8c:	83 30       	cpi	r24, 0x03	; 3
    1d8e:	31 f4       	brne	.+12     	; 0x1d9c <.L41>
    1d90:	62 bb       	out	0x12, r22	; 18
    1d92:	08 95       	ret

00001d94 <.L33>:
    1d94:	65 bb       	out	0x15, r22	; 21
    1d96:	08 95       	ret

00001d98 <.L40>:
    1d98:	6b bb       	out	0x1b, r22	; 27
    1d9a:	08 95       	ret

00001d9c <.L41>:
    1d9c:	08 95       	ret

00001d9e <DIO_ReadPin>:
    1d9e:	41 15       	cp	r20, r1
    1da0:	51 05       	cpc	r21, r1
    1da2:	b1 f0       	breq	.+44     	; 0x1dd0 <.L43>
    1da4:	68 30       	cpi	r22, 0x08	; 8
    1da6:	80 f4       	brcc	.+32     	; 0x1dc8 <.L44>
    1da8:	82 30       	cpi	r24, 0x02	; 2
    1daa:	d1 f0       	breq	.+52     	; 0x1de0 <.L45>
    1dac:	a8 f4       	brcc	.+42     	; 0x1dd8 <.L46>
    1dae:	81 15       	cp	r24, r1
    1db0:	c9 f0       	breq	.+50     	; 0x1de4 <.L55>
    1db2:	86 b3       	in	r24, 0x16	; 22

00001db4 <.L54>:
    1db4:	90 e0       	ldi	r25, 0x00	; 0
    1db6:	02 c0       	rjmp	.+4      	; 0x1dbc <.L2^B5>

00001db8 <.L1^B5>:
    1db8:	95 95       	asr	r25
    1dba:	87 95       	ror	r24

00001dbc <.L2^B5>:
    1dbc:	6a 95       	dec	r22
    1dbe:	e2 f7       	brpl	.-8      	; 0x1db8 <.L1^B5>
    1dc0:	81 70       	andi	r24, 0x01	; 1
    1dc2:	fa 01       	movw	r30, r20
    1dc4:	80 83       	st	Z, r24
    1dc6:	08 95       	ret

00001dc8 <.L44>:
    1dc8:	8f ef       	ldi	r24, 0xFF	; 255
    1dca:	fa 01       	movw	r30, r20
    1dcc:	80 83       	st	Z, r24
    1dce:	08 95       	ret

00001dd0 <.L43>:
    1dd0:	8f ef       	ldi	r24, 0xFF	; 255
    1dd2:	80 93 00 00 	sts	0x0000, r24	; 0x800000 <__TEXT_REGION_LENGTH__+0x7f8000>
    1dd6:	08 95       	ret

00001dd8 <.L46>:
    1dd8:	83 30       	cpi	r24, 0x03	; 3
    1dda:	b1 f7       	brne	.-20     	; 0x1dc8 <.L44>
    1ddc:	80 b3       	in	r24, 0x10	; 16
    1dde:	ea cf       	rjmp	.-44     	; 0x1db4 <.L54>

00001de0 <.L45>:
    1de0:	83 b3       	in	r24, 0x13	; 19
    1de2:	e8 cf       	rjmp	.-48     	; 0x1db4 <.L54>

00001de4 <.L55>:
    1de4:	89 b3       	in	r24, 0x19	; 25
    1de6:	e6 cf       	rjmp	.-52     	; 0x1db4 <.L54>

00001de8 <DIO_ReadGroup>:
    1de8:	61 15       	cp	r22, r1
    1dea:	71 05       	cpc	r23, r1
    1dec:	71 f0       	breq	.+28     	; 0x1e0a <.L56>
    1dee:	82 30       	cpi	r24, 0x02	; 2
    1df0:	a9 f0       	breq	.+42     	; 0x1e1c <.L58>
    1df2:	30 f4       	brcc	.+12     	; 0x1e00 <.L59>
    1df4:	81 15       	cp	r24, r1
    1df6:	71 f0       	breq	.+28     	; 0x1e14 <.L69>
    1df8:	86 b3       	in	r24, 0x16	; 22
    1dfa:	fb 01       	movw	r30, r22
    1dfc:	80 83       	st	Z, r24
    1dfe:	08 95       	ret

00001e00 <.L59>:
    1e00:	83 30       	cpi	r24, 0x03	; 3
    1e02:	21 f0       	breq	.+8      	; 0x1e0c <.L62>
    1e04:	8f ef       	ldi	r24, 0xFF	; 255
    1e06:	fb 01       	movw	r30, r22
    1e08:	80 83       	st	Z, r24

00001e0a <.L56>:
    1e0a:	08 95       	ret

00001e0c <.L62>:
    1e0c:	80 b3       	in	r24, 0x10	; 16
    1e0e:	fb 01       	movw	r30, r22
    1e10:	80 83       	st	Z, r24
    1e12:	08 95       	ret

00001e14 <.L69>:
    1e14:	89 b3       	in	r24, 0x19	; 25
    1e16:	fb 01       	movw	r30, r22
    1e18:	80 83       	st	Z, r24
    1e1a:	08 95       	ret

00001e1c <.L58>:
    1e1c:	83 b3       	in	r24, 0x13	; 19
    1e1e:	fb 01       	movw	r30, r22
    1e20:	80 83       	st	Z, r24
    1e22:	08 95       	ret

00001e24 <DIO_TogglePin>:
    1e24:	84 30       	cpi	r24, 0x04	; 4
    1e26:	a0 f4       	brcc	.+40     	; 0x1e50 <.L70>
    1e28:	68 30       	cpi	r22, 0x08	; 8
    1e2a:	90 f4       	brcc	.+36     	; 0x1e50 <.L70>
    1e2c:	21 e0       	ldi	r18, 0x01	; 1
    1e2e:	01 c0       	rjmp	.+2      	; 0x1e32 <.L2^B6>

00001e30 <.L1^B6>:
    1e30:	22 0f       	add	r18, r18

00001e32 <.L2^B6>:
    1e32:	6a 95       	dec	r22
    1e34:	ea f7       	brpl	.-6      	; 0x1e30 <.L1^B6>
    1e36:	82 30       	cpi	r24, 0x02	; 2
    1e38:	61 f0       	breq	.+24     	; 0x1e52 <.L72>
    1e3a:	83 30       	cpi	r24, 0x03	; 3
    1e3c:	31 f0       	breq	.+12     	; 0x1e4a <.L73>
    1e3e:	81 30       	cpi	r24, 0x01	; 1
    1e40:	61 f0       	breq	.+24     	; 0x1e5a <.L74>
    1e42:	8b b3       	in	r24, 0x1b	; 27
    1e44:	82 27       	eor	r24, r18
    1e46:	8b bb       	out	0x1b, r24	; 27
    1e48:	08 95       	ret

00001e4a <.L73>:
    1e4a:	82 b3       	in	r24, 0x12	; 18
    1e4c:	82 27       	eor	r24, r18
    1e4e:	82 bb       	out	0x12, r24	; 18

00001e50 <.L70>:
    1e50:	08 95       	ret

00001e52 <.L72>:
    1e52:	85 b3       	in	r24, 0x15	; 21
    1e54:	82 27       	eor	r24, r18
    1e56:	85 bb       	out	0x15, r24	; 21
    1e58:	08 95       	ret

00001e5a <.L74>:
    1e5a:	88 b3       	in	r24, 0x18	; 24
    1e5c:	82 27       	eor	r24, r18
    1e5e:	88 bb       	out	0x18, r24	; 24
    1e60:	08 95       	ret

00001e62 <DIO_ToggleGroup>:
    1e62:	82 30       	cpi	r24, 0x02	; 2
    1e64:	69 f0       	breq	.+26     	; 0x1e80 <.L76>
    1e66:	30 f4       	brcc	.+12     	; 0x1e74 <.L77>
    1e68:	81 15       	cp	r24, r1
    1e6a:	71 f0       	breq	.+28     	; 0x1e88 <.L83>
    1e6c:	88 b3       	in	r24, 0x18	; 24
    1e6e:	80 95       	com	r24
    1e70:	88 bb       	out	0x18, r24	; 24
    1e72:	08 95       	ret

00001e74 <.L77>:
    1e74:	83 30       	cpi	r24, 0x03	; 3
    1e76:	61 f4       	brne	.+24     	; 0x1e90 <.L84>
    1e78:	82 b3       	in	r24, 0x12	; 18
    1e7a:	80 95       	com	r24
    1e7c:	82 bb       	out	0x12, r24	; 18
    1e7e:	08 95       	ret

00001e80 <.L76>:
    1e80:	85 b3       	in	r24, 0x15	; 21
    1e82:	80 95       	com	r24
    1e84:	85 bb       	out	0x15, r24	; 21
    1e86:	08 95       	ret

00001e88 <.L83>:
    1e88:	8b b3       	in	r24, 0x1b	; 27
    1e8a:	80 95       	com	r24
    1e8c:	8b bb       	out	0x1b, r24	; 27
    1e8e:	08 95       	ret

00001e90 <.L84>:
    1e90:	08 95       	ret

00001e92 <EEPROM_WriteByte>:
    1e92:	9c 01       	movw	r18, r24
    1e94:	34 30       	cpi	r19, 0x04	; 4
    1e96:	60 f4       	brcc	.+24     	; 0x1eb0 <.L1>

00001e98 <.L3>:
    1e98:	e1 99       	sbic	0x1c, 1	; 28
    1e9a:	fe cf       	rjmp	.-4      	; 0x1e98 <.L3>
    1e9c:	3f bb       	out	0x1f, r19	; 31
    1e9e:	2e bb       	out	0x1e, r18	; 30
    1ea0:	6d bb       	out	0x1d, r22	; 29
    1ea2:	9f b7       	in	r25, 0x3f	; 63
    1ea4:	8f b7       	in	r24, 0x3f	; 63
    1ea6:	8f 77       	andi	r24, 0x7F	; 127
    1ea8:	8f bf       	out	0x3f, r24	; 63
    1eaa:	e2 9a       	sbi	0x1c, 2	; 28
    1eac:	e1 9a       	sbi	0x1c, 1	; 28
    1eae:	9f bf       	out	0x3f, r25	; 63

00001eb0 <.L1>:
    1eb0:	08 95       	ret

00001eb2 <EEPROM_ReadByte>:
    1eb2:	9c 01       	movw	r18, r24
    1eb4:	61 15       	cp	r22, r1
    1eb6:	71 05       	cpc	r23, r1
    1eb8:	51 f0       	breq	.+20     	; 0x1ece <.L6>
    1eba:	34 30       	cpi	r19, 0x04	; 4
    1ebc:	40 f4       	brcc	.+16     	; 0x1ece <.L6>

00001ebe <.L8>:
    1ebe:	e1 99       	sbic	0x1c, 1	; 28
    1ec0:	fe cf       	rjmp	.-4      	; 0x1ebe <.L8>
    1ec2:	3f bb       	out	0x1f, r19	; 31
    1ec4:	2e bb       	out	0x1e, r18	; 30
    1ec6:	e0 9a       	sbi	0x1c, 0	; 28
    1ec8:	8d b3       	in	r24, 0x1d	; 29
    1eca:	fb 01       	movw	r30, r22
    1ecc:	80 83       	st	Z, r24

00001ece <.L6>:
    1ece:	08 95       	ret

00001ed0 <EEPROM_WriteBlock>:
    1ed0:	cf 93       	push	r28
    1ed2:	df 93       	push	r29
    1ed4:	dc 01       	movw	r26, r24
    1ed6:	eb 01       	movw	r28, r22
    1ed8:	20 97       	sbiw	r28, 0x00	; 0
    1eda:	f9 f0       	breq	.+62     	; 0x1f1a <.L13>
    1edc:	41 15       	cp	r20, r1
    1ede:	51 05       	cpc	r21, r1
    1ee0:	e1 f0       	breq	.+56     	; 0x1f1a <.L13>
    1ee2:	48 0f       	add	r20, r24
    1ee4:	59 1f       	adc	r21, r25
    1ee6:	9c 01       	movw	r18, r24

00001ee8 <.L17>:
    1ee8:	34 30       	cpi	r19, 0x04	; 4
    1eea:	90 f4       	brcc	.+36     	; 0x1f10 <.L15>
    1eec:	f9 01       	movw	r30, r18
    1eee:	ea 1b       	sub	r30, r26
    1ef0:	fb 0b       	sbc	r31, r27
    1ef2:	ec 0f       	add	r30, r28
    1ef4:	fd 1f       	adc	r31, r29
    1ef6:	90 81       	ld	r25, Z

00001ef8 <.L16>:
    1ef8:	e1 99       	sbic	0x1c, 1	; 28
    1efa:	fe cf       	rjmp	.-4      	; 0x1ef8 <.L16>
    1efc:	3f bb       	out	0x1f, r19	; 31
    1efe:	2e bb       	out	0x1e, r18	; 30
    1f00:	9d bb       	out	0x1d, r25	; 29
    1f02:	7f b7       	in	r23, 0x3f	; 63
    1f04:	9f b7       	in	r25, 0x3f	; 63
    1f06:	9f 77       	andi	r25, 0x7F	; 127
    1f08:	9f bf       	out	0x3f, r25	; 63
    1f0a:	e2 9a       	sbi	0x1c, 2	; 28
    1f0c:	e1 9a       	sbi	0x1c, 1	; 28
    1f0e:	7f bf       	out	0x3f, r23	; 63

00001f10 <.L15>:
    1f10:	2f 5f       	subi	r18, 0xFF	; 255
    1f12:	3f 4f       	sbci	r19, 0xFF	; 255
    1f14:	24 17       	cp	r18, r20
    1f16:	35 07       	cpc	r19, r21
    1f18:	39 f7       	brne	.-50     	; 0x1ee8 <.L17>

00001f1a <.L13>:
    1f1a:	df 91       	pop	r29
    1f1c:	cf 91       	pop	r28
    1f1e:	08 95       	ret

00001f20 <EEPROM_ReadBlock>:
    1f20:	9c 01       	movw	r18, r24
    1f22:	61 15       	cp	r22, r1
    1f24:	71 05       	cpc	r23, r1
    1f26:	f1 f0       	breq	.+60     	; 0x1f64 <.L26>
    1f28:	41 15       	cp	r20, r1
    1f2a:	51 05       	cpc	r21, r1
    1f2c:	d9 f0       	breq	.+54     	; 0x1f64 <.L26>
    1f2e:	fb 01       	movw	r30, r22
    1f30:	46 0f       	add	r20, r22
    1f32:	57 1f       	adc	r21, r23
    1f34:	06 c0       	rjmp	.+12     	; 0x1f42 <.L30>

00001f36 <.L28>:
    1f36:	31 96       	adiw	r30, 0x01	; 1
    1f38:	2f 5f       	subi	r18, 0xFF	; 255
    1f3a:	3f 4f       	sbci	r19, 0xFF	; 255
    1f3c:	e4 17       	cp	r30, r20
    1f3e:	f5 07       	cpc	r31, r21
    1f40:	89 f0       	breq	.+34     	; 0x1f64 <.L26>

00001f42 <.L30>:
    1f42:	30 97       	sbiw	r30, 0x00	; 0
    1f44:	c1 f3       	breq	.-16     	; 0x1f36 <.L28>
    1f46:	34 30       	cpi	r19, 0x04	; 4
    1f48:	b0 f7       	brcc	.-20     	; 0x1f36 <.L28>

00001f4a <.L29>:
    1f4a:	e1 99       	sbic	0x1c, 1	; 28
    1f4c:	fe cf       	rjmp	.-4      	; 0x1f4a <.L29>
    1f4e:	3f bb       	out	0x1f, r19	; 31
    1f50:	2e bb       	out	0x1e, r18	; 30
    1f52:	e0 9a       	sbi	0x1c, 0	; 28
    1f54:	8d b3       	in	r24, 0x1d	; 29
    1f56:	80 83       	st	Z, r24
    1f58:	31 96       	adiw	r30, 0x01	; 1
    1f5a:	2f 5f       	subi	r18, 0xFF	; 255
    1f5c:	3f 4f       	sbci	r19, 0xFF	; 255
    1f5e:	e4 17       	cp	r30, r20
    1f60:	f5 07       	cpc	r31, r21
    1f62:	79 f7       	brne	.-34     	; 0x1f42 <.L30>

00001f64 <.L26>:
    1f64:	08 95       	ret

00001f66 <EXTI_Init>:
    1f66:	81 30       	cpi	r24, 0x01	; 1
    1f68:	60 f4       	brcc	.+24     	; 0x1f82 <.L2>
    1f6a:	61 30       	cpi	r22, 0x01	; 1
    1f6c:	70 f4       	brcc	.+28     	; 0x1f8a <.L3>
    1f6e:	85 b7       	in	r24, 0x35	; 53
    1f70:	8e 7f       	andi	r24, 0xFE	; 254
    1f72:	85 bf       	out	0x35, r24	; 53
    1f74:	85 b7       	in	r24, 0x35	; 53
    1f76:	8d 7f       	andi	r24, 0xFD	; 253
    1f78:	85 bf       	out	0x35, r24	; 53

00001f7a <.L4>:
    1f7a:	8b b7       	in	r24, 0x3b	; 59
    1f7c:	80 64       	ori	r24, 0x40	; 64
    1f7e:	8b bf       	out	0x3b, r24	; 59
    1f80:	08 95       	ret

00001f82 <.L2>:
    1f82:	79 f0       	breq	.+30     	; 0x1fa2 <.L16>
    1f84:	82 30       	cpi	r24, 0x02	; 2
    1f86:	c9 f0       	breq	.+50     	; 0x1fba <.L17>
    1f88:	08 95       	ret

00001f8a <.L3>:
    1f8a:	f9 f0       	breq	.+62     	; 0x1fca <.L18>
    1f8c:	62 30       	cpi	r22, 0x02	; 2
    1f8e:	81 f1       	breq	.+96     	; 0x1ff0 <.L19>
    1f90:	63 30       	cpi	r22, 0x03	; 3
    1f92:	99 f7       	brne	.-26     	; 0x1f7a <.L4>
    1f94:	85 b7       	in	r24, 0x35	; 53
    1f96:	81 60       	ori	r24, 0x01	; 1
    1f98:	85 bf       	out	0x35, r24	; 53
    1f9a:	85 b7       	in	r24, 0x35	; 53
    1f9c:	82 60       	ori	r24, 0x02	; 2
    1f9e:	85 bf       	out	0x35, r24	; 53
    1fa0:	ec cf       	rjmp	.-40     	; 0x1f7a <.L4>

00001fa2 <.L16>:
    1fa2:	61 30       	cpi	r22, 0x01	; 1
    1fa4:	c8 f4       	brcc	.+50     	; 0x1fd8 <.L9>
    1fa6:	85 b7       	in	r24, 0x35	; 53
    1fa8:	8b 7f       	andi	r24, 0xFB	; 251
    1faa:	85 bf       	out	0x35, r24	; 53
    1fac:	85 b7       	in	r24, 0x35	; 53
    1fae:	87 7f       	andi	r24, 0xF7	; 247
    1fb0:	85 bf       	out	0x35, r24	; 53

00001fb2 <.L10>:
    1fb2:	8b b7       	in	r24, 0x3b	; 59
    1fb4:	80 68       	ori	r24, 0x80	; 128
    1fb6:	8b bf       	out	0x3b, r24	; 59
    1fb8:	08 95       	ret

00001fba <.L17>:
    1fba:	62 30       	cpi	r22, 0x02	; 2
    1fbc:	59 f1       	breq	.+86     	; 0x2014 <.L20>
    1fbe:	63 30       	cpi	r22, 0x03	; 3
    1fc0:	f1 f0       	breq	.+60     	; 0x1ffe <.L21>

00001fc2 <.L14>:
    1fc2:	8b b7       	in	r24, 0x3b	; 59
    1fc4:	80 62       	ori	r24, 0x20	; 32
    1fc6:	8b bf       	out	0x3b, r24	; 59
    1fc8:	08 95       	ret

00001fca <.L18>:
    1fca:	85 b7       	in	r24, 0x35	; 53
    1fcc:	81 60       	ori	r24, 0x01	; 1
    1fce:	85 bf       	out	0x35, r24	; 53
    1fd0:	85 b7       	in	r24, 0x35	; 53
    1fd2:	8d 7f       	andi	r24, 0xFD	; 253
    1fd4:	85 bf       	out	0x35, r24	; 53
    1fd6:	d1 cf       	rjmp	.-94     	; 0x1f7a <.L4>

00001fd8 <.L9>:
    1fd8:	09 f1       	breq	.+66     	; 0x201c <.L22>
    1fda:	62 30       	cpi	r22, 0x02	; 2
    1fdc:	a1 f0       	breq	.+40     	; 0x2006 <.L23>
    1fde:	63 30       	cpi	r22, 0x03	; 3
    1fe0:	41 f7       	brne	.-48     	; 0x1fb2 <.L10>
    1fe2:	85 b7       	in	r24, 0x35	; 53
    1fe4:	84 60       	ori	r24, 0x04	; 4
    1fe6:	85 bf       	out	0x35, r24	; 53
    1fe8:	85 b7       	in	r24, 0x35	; 53
    1fea:	88 60       	ori	r24, 0x08	; 8
    1fec:	85 bf       	out	0x35, r24	; 53
    1fee:	e1 cf       	rjmp	.-62     	; 0x1fb2 <.L10>

00001ff0 <.L19>:
    1ff0:	85 b7       	in	r24, 0x35	; 53
    1ff2:	8e 7f       	andi	r24, 0xFE	; 254
    1ff4:	85 bf       	out	0x35, r24	; 53
    1ff6:	85 b7       	in	r24, 0x35	; 53
    1ff8:	82 60       	ori	r24, 0x02	; 2
    1ffa:	85 bf       	out	0x35, r24	; 53
    1ffc:	be cf       	rjmp	.-132    	; 0x1f7a <.L4>

00001ffe <.L21>:
    1ffe:	84 b7       	in	r24, 0x34	; 52
    2000:	80 64       	ori	r24, 0x40	; 64
    2002:	84 bf       	out	0x34, r24	; 52
    2004:	de cf       	rjmp	.-68     	; 0x1fc2 <.L14>

00002006 <.L23>:
    2006:	85 b7       	in	r24, 0x35	; 53
    2008:	8b 7f       	andi	r24, 0xFB	; 251
    200a:	85 bf       	out	0x35, r24	; 53
    200c:	85 b7       	in	r24, 0x35	; 53
    200e:	88 60       	ori	r24, 0x08	; 8
    2010:	85 bf       	out	0x35, r24	; 53
    2012:	cf cf       	rjmp	.-98     	; 0x1fb2 <.L10>

00002014 <.L20>:
    2014:	84 b7       	in	r24, 0x34	; 52
    2016:	8f 7b       	andi	r24, 0xBF	; 191
    2018:	84 bf       	out	0x34, r24	; 52
    201a:	d3 cf       	rjmp	.-90     	; 0x1fc2 <.L14>

0000201c <.L22>:
    201c:	85 b7       	in	r24, 0x35	; 53
    201e:	84 60       	ori	r24, 0x04	; 4
    2020:	85 bf       	out	0x35, r24	; 53
    2022:	85 b7       	in	r24, 0x35	; 53
    2024:	87 7f       	andi	r24, 0xF7	; 247
    2026:	85 bf       	out	0x35, r24	; 53
    2028:	c4 cf       	rjmp	.-120    	; 0x1fb2 <.L10>

0000202a <EXTI_Disable>:
    202a:	81 30       	cpi	r24, 0x01	; 1
    202c:	20 f4       	brcc	.+8      	; 0x2036 <.L25>
    202e:	8b b7       	in	r24, 0x3b	; 59
    2030:	8f 7b       	andi	r24, 0xBF	; 191
    2032:	8b bf       	out	0x3b, r24	; 59
    2034:	08 95       	ret

00002036 <.L25>:
    2036:	19 f0       	breq	.+6      	; 0x203e <.L28>
    2038:	82 30       	cpi	r24, 0x02	; 2
    203a:	29 f0       	breq	.+10     	; 0x2046 <.L29>
    203c:	08 95       	ret

0000203e <.L28>:
    203e:	8b b7       	in	r24, 0x3b	; 59
    2040:	8f 77       	andi	r24, 0x7F	; 127
    2042:	8b bf       	out	0x3b, r24	; 59
    2044:	08 95       	ret

00002046 <.L29>:
    2046:	8b b7       	in	r24, 0x3b	; 59
    2048:	8f 7d       	andi	r24, 0xDF	; 223
    204a:	8b bf       	out	0x3b, r24	; 59
    204c:	08 95       	ret

0000204e <EXTI_SetCallBack>:
    204e:	81 30       	cpi	r24, 0x01	; 1
    2050:	28 f4       	brcc	.+10     	; 0x205c <.L31>
    2052:	60 93 fc 01 	sts	0x01FC, r22	; 0x8001fc <EXTI_CallBack0>
    2056:	70 93 fd 01 	sts	0x01FD, r23	; 0x8001fd <EXTI_CallBack0+0x1>
    205a:	08 95       	ret

0000205c <.L31>:
    205c:	19 f0       	breq	.+6      	; 0x2064 <.L34>
    205e:	82 30       	cpi	r24, 0x02	; 2
    2060:	31 f0       	breq	.+12     	; 0x206e <.L35>
    2062:	08 95       	ret

00002064 <.L34>:
    2064:	60 93 fa 01 	sts	0x01FA, r22	; 0x8001fa <EXTI_CallBack1>
    2068:	70 93 fb 01 	sts	0x01FB, r23	; 0x8001fb <EXTI_CallBack1+0x1>
    206c:	08 95       	ret

0000206e <.L35>:
    206e:	60 93 f8 01 	sts	0x01F8, r22	; 0x8001f8 <EXTI_CallBack2>
    2072:	70 93 f9 01 	sts	0x01F9, r23	; 0x8001f9 <EXTI_CallBack2+0x1>
    2076:	08 95       	ret

00002078 <__vector_1>:
    2078:	1f 92       	push	r1
    207a:	0f 92       	push	r0
    207c:	0f b6       	in	r0, 0x3f	; 63
    207e:	0f 92       	push	r0
    2080:	11 24       	eor	r1, r1
    2082:	2f 93       	push	r18
    2084:	3f 93       	push	r19
    2086:	4f 93       	push	r20
    2088:	5f 93       	push	r21
    208a:	6f 93       	push	r22
    208c:	7f 93       	push	r23
    208e:	8f 93       	push	r24
    2090:	9f 93       	push	r25
    2092:	af 93       	push	r26
    2094:	bf 93       	push	r27
    2096:	ef 93       	push	r30
    2098:	ff 93       	push	r31
    209a:	e0 91 fc 01 	lds	r30, 0x01FC	; 0x8001fc <EXTI_CallBack0>
    209e:	f0 91 fd 01 	lds	r31, 0x01FD	; 0x8001fd <EXTI_CallBack0+0x1>
    20a2:	30 97       	sbiw	r30, 0x00	; 0
    20a4:	09 f0       	breq	.+2      	; 0x20a8 <.L36>
    20a6:	09 95       	icall

000020a8 <.L36>:
    20a8:	ff 91       	pop	r31
    20aa:	ef 91       	pop	r30
    20ac:	bf 91       	pop	r27
    20ae:	af 91       	pop	r26
    20b0:	9f 91       	pop	r25
    20b2:	8f 91       	pop	r24
    20b4:	7f 91       	pop	r23
    20b6:	6f 91       	pop	r22
    20b8:	5f 91       	pop	r21
    20ba:	4f 91       	pop	r20
    20bc:	3f 91       	pop	r19
    20be:	2f 91       	pop	r18
    20c0:	0f 90       	pop	r0
    20c2:	0f be       	out	0x3f, r0	; 63
    20c4:	0f 90       	pop	r0
    20c6:	1f 90       	pop	r1
    20c8:	18 95       	reti

000020ca <__vector_2>:
    20ca:	1f 92       	push	r1
    20cc:	0f 92       	push	r0
    20ce:	0f b6       	in	r0, 0x3f	; 63
    20d0:	0f 92       	push	r0
    20d2:	11 24       	eor	r1, r1
    20d4:	2f 93       	push	r18
    20d6:	3f 93       	push	r19
    20d8:	4f 93       	push	r20
    20da:	5f 93       	push	r21
    20dc:	6f 93       	push	r22
    20de:	7f 93       	push	r23
    20e0:	8f 93       	push	r24
    20e2:	9f 93       	push	r25
    20e4:	af 93       	push	r26
    20e6:	bf 93       	push	r27
    20e8:	ef 93       	push	r30
    20ea:	ff 93       	push	r31
    20ec:	e0 91 fa 01 	lds	r30, 0x01FA	; 0x8001fa <EXTI_CallBack1>
    20f0:	f0 91 fb 01 	lds	r31, 0x01FB	; 0x8001fb <EXTI_CallBack1+0x1>
    20f4:	30 97       	sbiw	r30, 0x00	; 0
    20f6:	09 f0       	breq	.+2      	; 0x20fa <.L41>
    20f8:	09 95       	icall

000020fa <.L41>:
    20fa:	ff 91       	pop	r31
    20fc:	ef 91       	pop	r30
    20fe:	bf 91       	pop	r27
    2100:	af 91       	pop	r26
    2102:	9f 91       	pop	r25
    2104:	8f 91       	pop	r24
    2106:	7f 91       	pop	r23
    2108:	6f 91       	pop	r22
    210a:	5f 91       	pop	r21
    210c:	4f 91       	pop	r20
    210e:	3f 91       	pop	r19
    2110:	2f 91       	pop	r18
    2112:	0f 90       	pop	r0
    2114:	0f be       	out	0x3f, r0	; 63
    2116:	0f 90       	pop	r0
    2118:	1f 90       	pop	r1
    211a:	18 95       	reti

0000211c <__vector_3>:
    211c:	1f 92       	push	r1
    211e:	0f 92       	push	r0
    2120:	0f b6       	in	r0, 0x3f	; 63
    2122:	0f 92       	push	r0
    2124:	11 24       	eor	r1, r1
    2126:	2f 93       	push	r18
    2128:	3f 93       	push	r19
    212a:	4f 93       	push	r20
    212c:	5f 93       	push	r21
    212e:	6f 93       	push	r22
    2130:	7f 93       	push	r23
    2132:	8f 93       	push	r24
    2134:	9f 93       	push	r25
    2136:	af 93       	push	r26
    2138:	bf 93       	push	r27
    213a:	ef 93       	push	r30
    213c:	ff 93       	push	r31
    213e:	e0 91 f8 01 	lds	r30, 0x01F8	; 0x8001f8 <EXTI_CallBack2>
    2142:	f0 91 f9 01 	lds	r31, 0x01F9	; 0x8001f9 <EXTI_CallBack2+0x1>
    2146:	30 97       	sbiw	r30, 0x00	; 0
    2148:	09 f0       	breq	.+2      	; 0x214c <.L46>
    214a:	09 95       	icall

0000214c <.L46>:
    214c:	ff 91       	pop	r31
    214e:	ef 91       	pop	r30
    2150:	bf 91       	pop	r27
    2152:	af 91       	pop	r26
    2154:	9f 91       	pop	r25
    2156:	8f 91       	pop	r24
    2158:	7f 91       	pop	r23
    215a:	6f 91       	pop	r22
    215c:	5f 91       	pop	r21
    215e:	4f 91       	pop	r20
    2160:	3f 91       	pop	r19
    2162:	2f 91       	pop	r18
    2164:	0f 90       	pop	r0
    2166:	0f be       	out	0x3f, r0	; 63
    2168:	0f 90       	pop	r0
    216a:	1f 90       	pop	r1
    216c:	18 95       	reti

0000216e <GIE_Enable>:
    216e:	8f b7       	in	r24, 0x3f	; 63
    2170:	80 68       	ori	r24, 0x80	; 128
    2172:	8f bf       	out	0x3f, r24	; 63
    2174:	08 95       	ret

00002176 <GIE_Disable>:
    2176:	8f b7       	in	r24, 0x3f	; 63
    2178:	8f 77       	andi	r24, 0x7F	; 127
    217a:	8f bf       	out	0x3f, r24	; 63
    217c:	08 95       	ret

0000217e <T0_Init>:
    217e:	fc 01       	movw	r30, r24
    2180:	89 2b       	or	r24, r25
    2182:	f9 f0       	breq	.+62     	; 0x21c2 <.L1>
    2184:	93 b7       	in	r25, 0x33	; 51
    2186:	97 7b       	andi	r25, 0xB7	; 183
    2188:	82 81       	ldd	r24, Z+2	; 0x02
    218a:	89 2b       	or	r24, r25
    218c:	83 bf       	out	0x33, r24	; 51
    218e:	93 b7       	in	r25, 0x33	; 51
    2190:	9f 7c       	andi	r25, 0xCF	; 207
    2192:	84 81       	ldd	r24, Z+4	; 0x04
    2194:	89 2b       	or	r24, r25
    2196:	83 bf       	out	0x33, r24	; 51
    2198:	82 85       	ldd	r24, Z+10	; 0x0a
    219a:	8c bf       	out	0x3c, r24	; 60
    219c:	86 81       	ldd	r24, Z+6	; 0x06
    219e:	97 81       	ldd	r25, Z+7	; 0x07
    21a0:	01 97       	sbiw	r24, 0x01	; 1
    21a2:	81 f0       	breq	.+32     	; 0x21c4 <.L11>
    21a4:	89 b7       	in	r24, 0x39	; 57
    21a6:	8e 7f       	andi	r24, 0xFE	; 254
    21a8:	89 bf       	out	0x39, r24	; 57
    21aa:	80 85       	ldd	r24, Z+8	; 0x08
    21ac:	91 85       	ldd	r25, Z+9	; 0x09
    21ae:	01 97       	sbiw	r24, 0x01	; 1
    21b0:	81 f0       	breq	.+32     	; 0x21d2 <.L12>

000021b2 <.L5>:
    21b2:	89 b7       	in	r24, 0x39	; 57
    21b4:	8d 7f       	andi	r24, 0xFD	; 253
    21b6:	89 bf       	out	0x39, r24	; 57

000021b8 <.L6>:
    21b8:	93 b7       	in	r25, 0x33	; 51
    21ba:	98 7f       	andi	r25, 0xF8	; 248
    21bc:	80 81       	ld	r24, Z
    21be:	89 2b       	or	r24, r25
    21c0:	83 bf       	out	0x33, r24	; 51

000021c2 <.L1>:
    21c2:	08 95       	ret

000021c4 <.L11>:
    21c4:	89 b7       	in	r24, 0x39	; 57
    21c6:	81 60       	ori	r24, 0x01	; 1
    21c8:	89 bf       	out	0x39, r24	; 57
    21ca:	80 85       	ldd	r24, Z+8	; 0x08
    21cc:	91 85       	ldd	r25, Z+9	; 0x09
    21ce:	01 97       	sbiw	r24, 0x01	; 1
    21d0:	81 f7       	brne	.-32     	; 0x21b2 <.L5>

000021d2 <.L12>:
    21d2:	89 b7       	in	r24, 0x39	; 57
    21d4:	82 60       	ori	r24, 0x02	; 2
    21d6:	89 bf       	out	0x39, r24	; 57
    21d8:	ef cf       	rjmp	.-34     	; 0x21b8 <.L6>

000021da <T0_SetCompareValue>:
    21da:	8c bf       	out	0x3c, r24	; 60
    21dc:	08 95       	ret

000021de <T0_GetCounterValue>:
    21de:	82 b7       	in	r24, 0x32	; 50
    21e0:	08 95       	ret

000021e2 <T0_SetCounterValue>:
    21e2:	82 bf       	out	0x32, r24	; 50
    21e4:	08 95       	ret

000021e6 <T0_SetOVFCallBack>:
    21e6:	80 93 00 02 	sts	0x0200, r24	; 0x800200 <T0_OVFCallBack>
    21ea:	90 93 01 02 	sts	0x0201, r25	; 0x800201 <T0_OVFCallBack+0x1>
    21ee:	08 95       	ret

000021f0 <T0_SetCompareCallBack>:
    21f0:	80 93 fe 01 	sts	0x01FE, r24	; 0x8001fe <T0_CompCallBack>
    21f4:	90 93 ff 01 	sts	0x01FF, r25	; 0x8001ff <T0_CompCallBack+0x1>
    21f8:	08 95       	ret

000021fa <__vector_10>:
    21fa:	1f 92       	push	r1
    21fc:	0f 92       	push	r0
    21fe:	0f b6       	in	r0, 0x3f	; 63
    2200:	0f 92       	push	r0
    2202:	11 24       	eor	r1, r1
    2204:	2f 93       	push	r18
    2206:	3f 93       	push	r19
    2208:	4f 93       	push	r20
    220a:	5f 93       	push	r21
    220c:	6f 93       	push	r22
    220e:	7f 93       	push	r23
    2210:	8f 93       	push	r24
    2212:	9f 93       	push	r25
    2214:	af 93       	push	r26
    2216:	bf 93       	push	r27
    2218:	ef 93       	push	r30
    221a:	ff 93       	push	r31
    221c:	e0 91 fe 01 	lds	r30, 0x01FE	; 0x8001fe <T0_CompCallBack>
    2220:	f0 91 ff 01 	lds	r31, 0x01FF	; 0x8001ff <T0_CompCallBack+0x1>
    2224:	30 97       	sbiw	r30, 0x00	; 0
    2226:	09 f0       	breq	.+2      	; 0x222a <.L18>
    2228:	09 95       	icall

0000222a <.L18>:
    222a:	ff 91       	pop	r31
    222c:	ef 91       	pop	r30
    222e:	bf 91       	pop	r27
    2230:	af 91       	pop	r26
    2232:	9f 91       	pop	r25
    2234:	8f 91       	pop	r24
    2236:	7f 91       	pop	r23
    2238:	6f 91       	pop	r22
    223a:	5f 91       	pop	r21
    223c:	4f 91       	pop	r20
    223e:	3f 91       	pop	r19
    2240:	2f 91       	pop	r18
    2242:	0f 90       	pop	r0
    2244:	0f be       	out	0x3f, r0	; 63
    2246:	0f 90       	pop	r0
    2248:	1f 90       	pop	r1
    224a:	18 95       	reti

0000224c <__vector_11>:
    224c:	1f 92       	push	r1
    224e:	0f 92       	push	r0
    2250:	0f b6       	in	r0, 0x3f	; 63
    2252:	0f 92       	push	r0
    2254:	11 24       	eor	r1, r1
    2256:	2f 93       	push	r18
    2258:	3f 93       	push	r19
    225a:	4f 93       	push	r20
    225c:	5f 93       	push	r21
    225e:	6f 93       	push	r22
    2260:	7f 93       	push	r23
    2262:	8f 93       	push	r24
    2264:	9f 93       	push	r25
    2266:	af 93       	push	r26
    2268:	bf 93       	push	r27
    226a:	ef 93       	push	r30
    226c:	ff 93       	push	r31
    226e:	e0 91 00 02 	lds	r30, 0x0200	; 0x800200 <T0_OVFCallBack>
    2272:	f0 91 01 02 	lds	r31, 0x0201	; 0x800201 <T0_OVFCallBack+0x1>
    2276:	30 97       	sbiw	r30, 0x00	; 0
    2278:	09 f0       	breq	.+2      	; 0x227c <.L23>
    227a:	09 95       	icall

0000227c <.L23>:
    227c:	ff 91       	pop	r31
    227e:	ef 91       	pop	r30
    2280:	bf 91       	pop	r27
    2282:	af 91       	pop	r26
    2284:	9f 91       	pop	r25
    2286:	8f 91       	pop	r24
    2288:	7f 91       	pop	r23
    228a:	6f 91       	pop	r22
    228c:	5f 91       	pop	r21
    228e:	4f 91       	pop	r20
    2290:	3f 91       	pop	r19
    2292:	2f 91       	pop	r18
    2294:	0f 90       	pop	r0
    2296:	0f be       	out	0x3f, r0	; 63
    2298:	0f 90       	pop	r0
    229a:	1f 90       	pop	r1
    229c:	18 95       	reti

0000229e <T1_Init>:
    229e:	cf 93       	push	r28
    22a0:	df 93       	push	r29
    22a2:	ec 01       	movw	r28, r24
    22a4:	89 2b       	or	r24, r25
    22a6:	09 f4       	brne	.+2      	; 0x22aa <L0^A+0x2>

000022a8 <L0^A>:
    22a8:	49 c0       	rjmp	.+146    	; 0x233c <.L1>
    22aa:	9f b5       	in	r25, 0x2f	; 47
    22ac:	8a 81       	ldd	r24, Y+2	; 0x02
    22ae:	83 70       	andi	r24, 0x03	; 3
    22b0:	9c 7f       	andi	r25, 0xFC	; 252
    22b2:	89 2b       	or	r24, r25
    22b4:	8f bd       	out	0x2f, r24	; 47
    22b6:	9e b5       	in	r25, 0x2e	; 46
    22b8:	8a 81       	ldd	r24, Y+2	; 0x02
    22ba:	88 0f       	add	r24, r24
    22bc:	88 0f       	add	r24, r24
    22be:	88 71       	andi	r24, 0x18	; 24
    22c0:	97 7e       	andi	r25, 0xE7	; 231
    22c2:	89 2b       	or	r24, r25
    22c4:	8e bd       	out	0x2e, r24	; 46
    22c6:	9f b5       	in	r25, 0x2f	; 47
    22c8:	8c 81       	ldd	r24, Y+4	; 0x04
    22ca:	82 95       	swap	r24
    22cc:	88 0f       	add	r24, r24
    22ce:	88 0f       	add	r24, r24
    22d0:	80 7c       	andi	r24, 0xC0	; 192
    22d2:	9f 73       	andi	r25, 0x3F	; 63
    22d4:	89 2b       	or	r24, r25
    22d6:	8f bd       	out	0x2f, r24	; 47
    22d8:	9f b5       	in	r25, 0x2f	; 47
    22da:	8e 81       	ldd	r24, Y+6	; 0x06
    22dc:	82 95       	swap	r24
    22de:	80 7f       	andi	r24, 0xF0	; 240
    22e0:	9f 7c       	andi	r25, 0xCF	; 207
    22e2:	89 2b       	or	r24, r25
    22e4:	8f bd       	out	0x2f, r24	; 47
    22e6:	8c 81       	ldd	r24, Y+4	; 0x04
    22e8:	9d 81       	ldd	r25, Y+5	; 0x05
    22ea:	89 2b       	or	r24, r25
    22ec:	09 f0       	breq	.+2      	; 0x22f0 <L0^A+0x2>

000022ee <L0^A>:
    22ee:	41 c0       	rjmp	.+130    	; 0x2372 <.L21>
    22f0:	8e 81       	ldd	r24, Y+6	; 0x06
    22f2:	9f 81       	ldd	r25, Y+7	; 0x07
    22f4:	89 2b       	or	r24, r25
    22f6:	b9 f5       	brne	.+110    	; 0x2366 <.L22>

000022f8 <.L4>:
    22f8:	8e 85       	ldd	r24, Y+14	; 0x0e
    22fa:	9f 85       	ldd	r25, Y+15	; 0x0f
    22fc:	9b bd       	out	0x2b, r25	; 43
    22fe:	8a bd       	out	0x2a, r24	; 42
    2300:	88 89       	ldd	r24, Y+16	; 0x10
    2302:	99 89       	ldd	r25, Y+17	; 0x11
    2304:	99 bd       	out	0x29, r25	; 41
    2306:	88 bd       	out	0x28, r24	; 40
    2308:	88 85       	ldd	r24, Y+8	; 0x08
    230a:	99 85       	ldd	r25, Y+9	; 0x09
    230c:	01 97       	sbiw	r24, 0x01	; 1
    230e:	c9 f0       	breq	.+50     	; 0x2342 <.L23>
    2310:	89 b7       	in	r24, 0x39	; 57
    2312:	8b 7f       	andi	r24, 0xFB	; 251
    2314:	89 bf       	out	0x39, r24	; 57
    2316:	8a 85       	ldd	r24, Y+10	; 0x0a
    2318:	9b 85       	ldd	r25, Y+11	; 0x0b
    231a:	01 97       	sbiw	r24, 0x01	; 1
    231c:	c9 f0       	breq	.+50     	; 0x2350 <.L24>

0000231e <.L7>:
    231e:	89 b7       	in	r24, 0x39	; 57
    2320:	8f 7e       	andi	r24, 0xEF	; 239
    2322:	89 bf       	out	0x39, r24	; 57
    2324:	8c 85       	ldd	r24, Y+12	; 0x0c
    2326:	9d 85       	ldd	r25, Y+13	; 0x0d
    2328:	01 97       	sbiw	r24, 0x01	; 1
    232a:	c9 f0       	breq	.+50     	; 0x235e <.L25>

0000232c <.L9>:
    232c:	89 b7       	in	r24, 0x39	; 57
    232e:	87 7f       	andi	r24, 0xF7	; 247
    2330:	89 bf       	out	0x39, r24	; 57

00002332 <.L10>:
    2332:	9e b5       	in	r25, 0x2e	; 46
    2334:	98 7f       	andi	r25, 0xF8	; 248
    2336:	88 81       	ld	r24, Y
    2338:	89 2b       	or	r24, r25
    233a:	8e bd       	out	0x2e, r24	; 46

0000233c <.L1>:
    233c:	df 91       	pop	r29
    233e:	cf 91       	pop	r28
    2340:	08 95       	ret

00002342 <.L23>:
    2342:	89 b7       	in	r24, 0x39	; 57
    2344:	84 60       	ori	r24, 0x04	; 4
    2346:	89 bf       	out	0x39, r24	; 57
    2348:	8a 85       	ldd	r24, Y+10	; 0x0a
    234a:	9b 85       	ldd	r25, Y+11	; 0x0b
    234c:	01 97       	sbiw	r24, 0x01	; 1
    234e:	39 f7       	brne	.-50     	; 0x231e <.L7>

00002350 <.L24>:
    2350:	89 b7       	in	r24, 0x39	; 57
    2352:	80 61       	ori	r24, 0x10	; 16
    2354:	89 bf       	out	0x39, r24	; 57
    2356:	8c 85       	ldd	r24, Y+12	; 0x0c
    2358:	9d 85       	ldd	r25, Y+13	; 0x0d
    235a:	01 97       	sbiw	r24, 0x01	; 1
    235c:	39 f7       	brne	.-50     	; 0x232c <.L9>

0000235e <.L25>:
    235e:	89 b7       	in	r24, 0x39	; 57
    2360:	88 60       	ori	r24, 0x08	; 8
    2362:	89 bf       	out	0x39, r24	; 57
    2364:	e6 cf       	rjmp	.-52     	; 0x2332 <.L10>

00002366 <.L22>:
    2366:	41 e0       	ldi	r20, 0x01	; 1
    2368:	64 e0       	ldi	r22, 0x04	; 4
    236a:	83 e0       	ldi	r24, 0x03	; 3
    236c:	0e 94 33 0e 	call	0x1c66	; 0x1c66 <DIO_DirectionSelectforPin>
    2370:	c3 cf       	rjmp	.-122    	; 0x22f8 <.L4>

00002372 <.L21>:
    2372:	41 e0       	ldi	r20, 0x01	; 1
    2374:	65 e0       	ldi	r22, 0x05	; 5
    2376:	83 e0       	ldi	r24, 0x03	; 3
    2378:	0e 94 33 0e 	call	0x1c66	; 0x1c66 <DIO_DirectionSelectforPin>
    237c:	8e 81       	ldd	r24, Y+6	; 0x06
    237e:	9f 81       	ldd	r25, Y+7	; 0x07
    2380:	89 2b       	or	r24, r25
    2382:	09 f4       	brne	.+2      	; 0x2386 <L0^A+0x2>

00002384 <L0^A>:
    2384:	b9 cf       	rjmp	.-142    	; 0x22f8 <.L4>
    2386:	ef cf       	rjmp	.-34     	; 0x2366 <.L22>

00002388 <T1_SetCompareA>:
    2388:	9b bd       	out	0x2b, r25	; 43
    238a:	8a bd       	out	0x2a, r24	; 42
    238c:	08 95       	ret

0000238e <T1_SetCompareB>:
    238e:	99 bd       	out	0x29, r25	; 41
    2390:	88 bd       	out	0x28, r24	; 40
    2392:	08 95       	ret

00002394 <T1_GetCounterValue>:
    2394:	8c b5       	in	r24, 0x2c	; 44
    2396:	9d b5       	in	r25, 0x2d	; 45
    2398:	08 95       	ret

0000239a <T1_SetCounterValue>:
    239a:	9d bd       	out	0x2d, r25	; 45
    239c:	8c bd       	out	0x2c, r24	; 44
    239e:	08 95       	ret

000023a0 <T1_SetOVFCallBack>:
    23a0:	80 93 06 02 	sts	0x0206, r24	; 0x800206 <T1_OVFCallBack>
    23a4:	90 93 07 02 	sts	0x0207, r25	; 0x800207 <T1_OVFCallBack+0x1>
    23a8:	08 95       	ret

000023aa <T1_SetCompACallBack>:
    23aa:	80 93 04 02 	sts	0x0204, r24	; 0x800204 <T1_CompACallBack>
    23ae:	90 93 05 02 	sts	0x0205, r25	; 0x800205 <T1_CompACallBack+0x1>
    23b2:	08 95       	ret

000023b4 <T1_SetCompBCallBack>:
    23b4:	80 93 02 02 	sts	0x0202, r24	; 0x800202 <T1_CompBCallBack>
    23b8:	90 93 03 02 	sts	0x0203, r25	; 0x800203 <T1_CompBCallBack+0x1>
    23bc:	08 95       	ret

000023be <__vector_7>:
    23be:	1f 92       	push	r1
    23c0:	0f 92       	push	r0
    23c2:	0f b6       	in	r0, 0x3f	; 63
    23c4:	0f 92       	push	r0
    23c6:	11 24       	eor	r1, r1
    23c8:	2f 93       	push	r18
    23ca:	3f 93       	push	r19
    23cc:	4f 93       	push	r20
    23ce:	5f 93       	push	r21
    23d0:	6f 93       	push	r22
    23d2:	7f 93       	push	r23
    23d4:	8f 93       	push	r24
    23d6:	9f 93       	push	r25
    23d8:	af 93       	push	r26
    23da:	bf 93       	push	r27
    23dc:	ef 93       	push	r30
    23de:	ff 93       	push	r31
    23e0:	e0 91 04 02 	lds	r30, 0x0204	; 0x800204 <T1_CompACallBack>
    23e4:	f0 91 05 02 	lds	r31, 0x0205	; 0x800205 <T1_CompACallBack+0x1>
    23e8:	30 97       	sbiw	r30, 0x00	; 0
    23ea:	09 f0       	breq	.+2      	; 0x23ee <.L33>
    23ec:	09 95       	icall

000023ee <.L33>:
    23ee:	ff 91       	pop	r31
    23f0:	ef 91       	pop	r30
    23f2:	bf 91       	pop	r27
    23f4:	af 91       	pop	r26
    23f6:	9f 91       	pop	r25
    23f8:	8f 91       	pop	r24
    23fa:	7f 91       	pop	r23
    23fc:	6f 91       	pop	r22
    23fe:	5f 91       	pop	r21
    2400:	4f 91       	pop	r20
    2402:	3f 91       	pop	r19
    2404:	2f 91       	pop	r18
    2406:	0f 90       	pop	r0
    2408:	0f be       	out	0x3f, r0	; 63
    240a:	0f 90       	pop	r0
    240c:	1f 90       	pop	r1
    240e:	18 95       	reti

00002410 <__vector_8>:
    2410:	1f 92       	push	r1
    2412:	0f 92       	push	r0
    2414:	0f b6       	in	r0, 0x3f	; 63
    2416:	0f 92       	push	r0
    2418:	11 24       	eor	r1, r1
    241a:	2f 93       	push	r18
    241c:	3f 93       	push	r19
    241e:	4f 93       	push	r20
    2420:	5f 93       	push	r21
    2422:	6f 93       	push	r22
    2424:	7f 93       	push	r23
    2426:	8f 93       	push	r24
    2428:	9f 93       	push	r25
    242a:	af 93       	push	r26
    242c:	bf 93       	push	r27
    242e:	ef 93       	push	r30
    2430:	ff 93       	push	r31
    2432:	e0 91 02 02 	lds	r30, 0x0202	; 0x800202 <T1_CompBCallBack>
    2436:	f0 91 03 02 	lds	r31, 0x0203	; 0x800203 <T1_CompBCallBack+0x1>
    243a:	30 97       	sbiw	r30, 0x00	; 0
    243c:	09 f0       	breq	.+2      	; 0x2440 <.L38>
    243e:	09 95       	icall

00002440 <.L38>:
    2440:	ff 91       	pop	r31
    2442:	ef 91       	pop	r30
    2444:	bf 91       	pop	r27
    2446:	af 91       	pop	r26
    2448:	9f 91       	pop	r25
    244a:	8f 91       	pop	r24
    244c:	7f 91       	pop	r23
    244e:	6f 91       	pop	r22
    2450:	5f 91       	pop	r21
    2452:	4f 91       	pop	r20
    2454:	3f 91       	pop	r19
    2456:	2f 91       	pop	r18
    2458:	0f 90       	pop	r0
    245a:	0f be       	out	0x3f, r0	; 63
    245c:	0f 90       	pop	r0
    245e:	1f 90       	pop	r1
    2460:	18 95       	reti

00002462 <__vector_9>:
    2462:	1f 92       	push	r1
    2464:	0f 92       	push	r0
    2466:	0f b6       	in	r0, 0x3f	; 63
    2468:	0f 92       	push	r0
    246a:	11 24       	eor	r1, r1
    246c:	2f 93       	push	r18
    246e:	3f 93       	push	r19
    2470:	4f 93       	push	r20
    2472:	5f 93       	push	r21
    2474:	6f 93       	push	r22
    2476:	7f 93       	push	r23
    2478:	8f 93       	push	r24
    247a:	9f 93       	push	r25
    247c:	af 93       	push	r26
    247e:	bf 93       	push	r27
    2480:	ef 93       	push	r30
    2482:	ff 93       	push	r31
    2484:	e0 91 06 02 	lds	r30, 0x0206	; 0x800206 <T1_OVFCallBack>
    2488:	f0 91 07 02 	lds	r31, 0x0207	; 0x800207 <T1_OVFCallBack+0x1>
    248c:	30 97       	sbiw	r30, 0x00	; 0
    248e:	09 f0       	breq	.+2      	; 0x2492 <.L43>
    2490:	09 95       	icall

00002492 <.L43>:
    2492:	ff 91       	pop	r31
    2494:	ef 91       	pop	r30
    2496:	bf 91       	pop	r27
    2498:	af 91       	pop	r26
    249a:	9f 91       	pop	r25
    249c:	8f 91       	pop	r24
    249e:	7f 91       	pop	r23
    24a0:	6f 91       	pop	r22
    24a2:	5f 91       	pop	r21
    24a4:	4f 91       	pop	r20
    24a6:	3f 91       	pop	r19
    24a8:	2f 91       	pop	r18
    24aa:	0f 90       	pop	r0
    24ac:	0f be       	out	0x3f, r0	; 63
    24ae:	0f 90       	pop	r0
    24b0:	1f 90       	pop	r1
    24b2:	18 95       	reti

000024b4 <T2_Init>:
    24b4:	fc 01       	movw	r30, r24
    24b6:	89 2b       	or	r24, r25
    24b8:	f9 f0       	breq	.+62     	; 0x24f8 <.L1>
    24ba:	95 b5       	in	r25, 0x25	; 37
    24bc:	97 7b       	andi	r25, 0xB7	; 183
    24be:	82 81       	ldd	r24, Z+2	; 0x02
    24c0:	89 2b       	or	r24, r25
    24c2:	85 bd       	out	0x25, r24	; 37
    24c4:	95 b5       	in	r25, 0x25	; 37
    24c6:	9f 7c       	andi	r25, 0xCF	; 207
    24c8:	84 81       	ldd	r24, Z+4	; 0x04
    24ca:	89 2b       	or	r24, r25
    24cc:	85 bd       	out	0x25, r24	; 37
    24ce:	82 85       	ldd	r24, Z+10	; 0x0a
    24d0:	83 bd       	out	0x23, r24	; 35
    24d2:	86 81       	ldd	r24, Z+6	; 0x06
    24d4:	97 81       	ldd	r25, Z+7	; 0x07
    24d6:	01 97       	sbiw	r24, 0x01	; 1
    24d8:	81 f0       	breq	.+32     	; 0x24fa <.L11>
    24da:	89 b7       	in	r24, 0x39	; 57
    24dc:	8f 7b       	andi	r24, 0xBF	; 191
    24de:	89 bf       	out	0x39, r24	; 57
    24e0:	80 85       	ldd	r24, Z+8	; 0x08
    24e2:	91 85       	ldd	r25, Z+9	; 0x09
    24e4:	01 97       	sbiw	r24, 0x01	; 1
    24e6:	81 f0       	breq	.+32     	; 0x2508 <.L12>

000024e8 <.L5>:
    24e8:	89 b7       	in	r24, 0x39	; 57
    24ea:	8f 77       	andi	r24, 0x7F	; 127
    24ec:	89 bf       	out	0x39, r24	; 57

000024ee <.L6>:
    24ee:	95 b5       	in	r25, 0x25	; 37
    24f0:	98 7f       	andi	r25, 0xF8	; 248
    24f2:	80 81       	ld	r24, Z
    24f4:	89 2b       	or	r24, r25
    24f6:	85 bd       	out	0x25, r24	; 37

000024f8 <.L1>:
    24f8:	08 95       	ret

000024fa <.L11>:
    24fa:	89 b7       	in	r24, 0x39	; 57
    24fc:	80 64       	ori	r24, 0x40	; 64
    24fe:	89 bf       	out	0x39, r24	; 57
    2500:	80 85       	ldd	r24, Z+8	; 0x08
    2502:	91 85       	ldd	r25, Z+9	; 0x09
    2504:	01 97       	sbiw	r24, 0x01	; 1
    2506:	81 f7       	brne	.-32     	; 0x24e8 <.L5>

00002508 <.L12>:
    2508:	89 b7       	in	r24, 0x39	; 57
    250a:	80 68       	ori	r24, 0x80	; 128
    250c:	89 bf       	out	0x39, r24	; 57
    250e:	ef cf       	rjmp	.-34     	; 0x24ee <.L6>

00002510 <T2_SetCompareValue>:
    2510:	83 bd       	out	0x23, r24	; 35
    2512:	08 95       	ret

00002514 <T2_GetCounterValue>:
    2514:	84 b5       	in	r24, 0x24	; 36
    2516:	08 95       	ret

00002518 <T2_SetCounterValue>:
    2518:	84 bd       	out	0x24, r24	; 36
    251a:	08 95       	ret

0000251c <T2_SetOVFCallBack>:
    251c:	80 93 0a 02 	sts	0x020A, r24	; 0x80020a <T2_OVFCallBack>
    2520:	90 93 0b 02 	sts	0x020B, r25	; 0x80020b <T2_OVFCallBack+0x1>
    2524:	08 95       	ret

00002526 <T2_SetCompareCallBack>:
    2526:	80 93 08 02 	sts	0x0208, r24	; 0x800208 <T2_CompCallBack>
    252a:	90 93 09 02 	sts	0x0209, r25	; 0x800209 <T2_CompCallBack+0x1>
    252e:	08 95       	ret

00002530 <__vector_4>:
    2530:	1f 92       	push	r1
    2532:	0f 92       	push	r0
    2534:	0f b6       	in	r0, 0x3f	; 63
    2536:	0f 92       	push	r0
    2538:	11 24       	eor	r1, r1
    253a:	2f 93       	push	r18
    253c:	3f 93       	push	r19
    253e:	4f 93       	push	r20
    2540:	5f 93       	push	r21
    2542:	6f 93       	push	r22
    2544:	7f 93       	push	r23
    2546:	8f 93       	push	r24
    2548:	9f 93       	push	r25
    254a:	af 93       	push	r26
    254c:	bf 93       	push	r27
    254e:	ef 93       	push	r30
    2550:	ff 93       	push	r31
    2552:	e0 91 08 02 	lds	r30, 0x0208	; 0x800208 <T2_CompCallBack>
    2556:	f0 91 09 02 	lds	r31, 0x0209	; 0x800209 <T2_CompCallBack+0x1>
    255a:	30 97       	sbiw	r30, 0x00	; 0
    255c:	09 f0       	breq	.+2      	; 0x2560 <.L18>
    255e:	09 95       	icall

00002560 <.L18>:
    2560:	ff 91       	pop	r31
    2562:	ef 91       	pop	r30
    2564:	bf 91       	pop	r27
    2566:	af 91       	pop	r26
    2568:	9f 91       	pop	r25
    256a:	8f 91       	pop	r24
    256c:	7f 91       	pop	r23
    256e:	6f 91       	pop	r22
    2570:	5f 91       	pop	r21
    2572:	4f 91       	pop	r20
    2574:	3f 91       	pop	r19
    2576:	2f 91       	pop	r18
    2578:	0f 90       	pop	r0
    257a:	0f be       	out	0x3f, r0	; 63
    257c:	0f 90       	pop	r0
    257e:	1f 90       	pop	r1
    2580:	18 95       	reti

00002582 <__vector_5>:
    2582:	1f 92       	push	r1
    2584:	0f 92       	push	r0
    2586:	0f b6       	in	r0, 0x3f	; 63
    2588:	0f 92       	push	r0
    258a:	11 24       	eor	r1, r1
    258c:	2f 93       	push	r18
    258e:	3f 93       	push	r19
    2590:	4f 93       	push	r20
    2592:	5f 93       	push	r21
    2594:	6f 93       	push	r22
    2596:	7f 93       	push	r23
    2598:	8f 93       	push	r24
    259a:	9f 93       	push	r25
    259c:	af 93       	push	r26
    259e:	bf 93       	push	r27
    25a0:	ef 93       	push	r30
    25a2:	ff 93       	push	r31
    25a4:	e0 91 0a 02 	lds	r30, 0x020A	; 0x80020a <T2_OVFCallBack>
    25a8:	f0 91 0b 02 	lds	r31, 0x020B	; 0x80020b <T2_OVFCallBack+0x1>
    25ac:	30 97       	sbiw	r30, 0x00	; 0
    25ae:	09 f0       	breq	.+2      	; 0x25b2 <.L23>
    25b0:	09 95       	icall

000025b2 <.L23>:
    25b2:	ff 91       	pop	r31
    25b4:	ef 91       	pop	r30
    25b6:	bf 91       	pop	r27
    25b8:	af 91       	pop	r26
    25ba:	9f 91       	pop	r25
    25bc:	8f 91       	pop	r24
    25be:	7f 91       	pop	r23
    25c0:	6f 91       	pop	r22
    25c2:	5f 91       	pop	r21
    25c4:	4f 91       	pop	r20
    25c6:	3f 91       	pop	r19
    25c8:	2f 91       	pop	r18
    25ca:	0f 90       	pop	r0
    25cc:	0f be       	out	0x3f, r0	; 63
    25ce:	0f 90       	pop	r0
    25d0:	1f 90       	pop	r1
    25d2:	18 95       	reti

000025d4 <UART_Init>:
    25d4:	cf 93       	push	r28
    25d6:	df 93       	push	r29
    25d8:	ec 01       	movw	r28, r24
    25da:	89 2b       	or	r24, r25
    25dc:	69 f1       	breq	.+90     	; 0x2638 <.L1>
    25de:	28 81       	ld	r18, Y
    25e0:	39 81       	ldd	r19, Y+1	; 0x01
    25e2:	4a 81       	ldd	r20, Y+2	; 0x02
    25e4:	5b 81       	ldd	r21, Y+3	; 0x03
    25e6:	22 0f       	add	r18, r18
    25e8:	33 1f       	adc	r19, r19
    25ea:	44 1f       	adc	r20, r20
    25ec:	55 1f       	adc	r21, r21
    25ee:	22 0f       	add	r18, r18
    25f0:	33 1f       	adc	r19, r19
    25f2:	44 1f       	adc	r20, r20
    25f4:	55 1f       	adc	r21, r21
    25f6:	22 0f       	add	r18, r18
    25f8:	33 1f       	adc	r19, r19
    25fa:	44 1f       	adc	r20, r20
    25fc:	55 1f       	adc	r21, r21
    25fe:	22 0f       	add	r18, r18
    2600:	33 1f       	adc	r19, r19
    2602:	44 1f       	adc	r20, r20
    2604:	55 1f       	adc	r21, r21
    2606:	60 e0       	ldi	r22, 0x00	; 0
    2608:	72 e1       	ldi	r23, 0x12	; 18
    260a:	8a e7       	ldi	r24, 0x7A	; 122
    260c:	90 e0       	ldi	r25, 0x00	; 0
    260e:	0e 94 26 14 	call	0x284c	; 0x284c <__udivmodsi4>
    2612:	21 50       	subi	r18, 0x01	; 1
    2614:	31 09       	sbc	r19, r1
    2616:	30 bd       	out	0x20, r19	; 32
    2618:	29 b9       	out	0x09, r18	; 9
    261a:	88 85       	ldd	r24, Y+8	; 0x08
    261c:	82 95       	swap	r24
    261e:	80 7f       	andi	r24, 0xF0	; 240
    2620:	9c 81       	ldd	r25, Y+4	; 0x04
    2622:	99 0f       	add	r25, r25
    2624:	89 2b       	or	r24, r25
    2626:	9e 81       	ldd	r25, Y+6	; 0x06
    2628:	99 0f       	add	r25, r25
    262a:	99 0f       	add	r25, r25
    262c:	99 0f       	add	r25, r25
    262e:	89 2b       	or	r24, r25
    2630:	80 68       	ori	r24, 0x80	; 128
    2632:	80 bd       	out	0x20, r24	; 32
    2634:	88 e9       	ldi	r24, 0x98	; 152
    2636:	8a b9       	out	0x0a, r24	; 10

00002638 <.L1>:
    2638:	df 91       	pop	r29
    263a:	cf 91       	pop	r28
    263c:	08 95       	ret

0000263e <UART_SendByte>:
    263e:	90 91 2f 02 	lds	r25, 0x022F	; 0x80022f <UART_u8TxHead>
    2642:	9f 5f       	subi	r25, 0xFF	; 255
    2644:	9f 71       	andi	r25, 0x1F	; 31
    2646:	20 91 2e 02 	lds	r18, 0x022E	; 0x80022e <UART_u8TxTail>
    264a:	29 17       	cp	r18, r25
    264c:	49 f0       	breq	.+18     	; 0x2660 <.L7>
    264e:	e0 91 2f 02 	lds	r30, 0x022F	; 0x80022f <UART_u8TxHead>
    2652:	f0 e0       	ldi	r31, 0x00	; 0
    2654:	e0 5d       	subi	r30, 0xD0	; 208
    2656:	fd 4f       	sbci	r31, 0xFD	; 253
    2658:	80 83       	st	Z, r24
    265a:	90 93 2f 02 	sts	0x022F, r25	; 0x80022f <UART_u8TxHead>
    265e:	55 9a       	sbi	0x0a, 5	; 10

00002660 <.L7>:
    2660:	08 95       	ret

00002662 <UART_SendString>:
    2662:	00 97       	sbiw	r24, 0x00	; 0
    2664:	d1 f0       	breq	.+52     	; 0x269a <.L9>
    2666:	fc 01       	movw	r30, r24
    2668:	20 81       	ld	r18, Z
    266a:	21 15       	cp	r18, r1
    266c:	b1 f0       	breq	.+44     	; 0x269a <.L9>
    266e:	dc 01       	movw	r26, r24
    2670:	11 96       	adiw	r26, 0x01	; 1

00002672 <.L12>:
    2672:	90 91 2f 02 	lds	r25, 0x022F	; 0x80022f <UART_u8TxHead>
    2676:	9f 5f       	subi	r25, 0xFF	; 255
    2678:	9f 71       	andi	r25, 0x1F	; 31
    267a:	80 91 2e 02 	lds	r24, 0x022E	; 0x80022e <UART_u8TxTail>
    267e:	98 17       	cp	r25, r24
    2680:	49 f0       	breq	.+18     	; 0x2694 <.L11>
    2682:	e0 91 2f 02 	lds	r30, 0x022F	; 0x80022f <UART_u8TxHead>
    2686:	f0 e0       	ldi	r31, 0x00	; 0
    2688:	e0 5d       	subi	r30, 0xD0	; 208
    268a:	fd 4f       	sbci	r31, 0xFD	; 253
    268c:	20 83       	st	Z, r18
    268e:	90 93 2f 02 	sts	0x022F, r25	; 0x80022f <UART_u8TxHead>
    2692:	55 9a       	sbi	0x0a, 5	; 10

00002694 <.L11>:
    2694:	2d 91       	ld	r18, X+
    2696:	21 11       	cpse	r18, r1
    2698:	ec cf       	rjmp	.-40     	; 0x2672 <.L12>

0000269a <.L9>:
    269a:	08 95       	ret

0000269c <UART_IsDataAvailable>:
    269c:	20 91 0d 02 	lds	r18, 0x020D	; 0x80020d <UART_u8RxHead>
    26a0:	90 91 0c 02 	lds	r25, 0x020C	; 0x80020c <UART_u8RxTail>
    26a4:	81 e0       	ldi	r24, 0x01	; 1
    26a6:	29 13       	cpse	r18, r25
    26a8:	08 95       	ret
    26aa:	80 e0       	ldi	r24, 0x00	; 0
    26ac:	08 95       	ret

000026ae <UART_ReceiveByte>:
    26ae:	90 91 0d 02 	lds	r25, 0x020D	; 0x80020d <UART_u8RxHead>
    26b2:	80 91 0c 02 	lds	r24, 0x020C	; 0x80020c <UART_u8RxTail>
    26b6:	98 17       	cp	r25, r24
    26b8:	69 f0       	breq	.+26     	; 0x26d4 <.L25>
    26ba:	e0 91 0c 02 	lds	r30, 0x020C	; 0x80020c <UART_u8RxTail>
    26be:	f0 e0       	ldi	r31, 0x00	; 0
    26c0:	e2 5f       	subi	r30, 0xF2	; 242
    26c2:	fd 4f       	sbci	r31, 0xFD	; 253
    26c4:	80 81       	ld	r24, Z
    26c6:	90 91 0c 02 	lds	r25, 0x020C	; 0x80020c <UART_u8RxTail>
    26ca:	9f 5f       	subi	r25, 0xFF	; 255
    26cc:	9f 71       	andi	r25, 0x1F	; 31
    26ce:	90 93 0c 02 	sts	0x020C, r25	; 0x80020c <UART_u8RxTail>
    26d2:	08 95       	ret

000026d4 <.L25>:
    26d4:	80 e0       	ldi	r24, 0x00	; 0
    26d6:	08 95       	ret

000026d8 <__vector_13>:
    26d8:	2f 93       	push	r18
    26da:	2f b7       	in	r18, 0x3f	; 63
    26dc:	2f 93       	push	r18
    26de:	8f 93       	push	r24
    26e0:	9f 93       	push	r25
    26e2:	ef 93       	push	r30
    26e4:	ff 93       	push	r31
    26e6:	2c b1       	in	r18, 0x0c	; 12
    26e8:	80 91 0d 02 	lds	r24, 0x020D	; 0x80020d <UART_u8RxHead>
    26ec:	8f 5f       	subi	r24, 0xFF	; 255
    26ee:	8f 71       	andi	r24, 0x1F	; 31
    26f0:	90 91 0c 02 	lds	r25, 0x020C	; 0x80020c <UART_u8RxTail>
    26f4:	98 17       	cp	r25, r24
    26f6:	41 f0       	breq	.+16     	; 0x2708 <.L26>
    26f8:	e0 91 0d 02 	lds	r30, 0x020D	; 0x80020d <UART_u8RxHead>
    26fc:	f0 e0       	ldi	r31, 0x00	; 0
    26fe:	e2 5f       	subi	r30, 0xF2	; 242
    2700:	fd 4f       	sbci	r31, 0xFD	; 253
    2702:	20 83       	st	Z, r18
    2704:	80 93 0d 02 	sts	0x020D, r24	; 0x80020d <UART_u8RxHead>

00002708 <.L26>:
    2708:	ff 91       	pop	r31
    270a:	ef 91       	pop	r30
    270c:	9f 91       	pop	r25
    270e:	8f 91       	pop	r24
    2710:	2f 91       	pop	r18
    2712:	2f bf       	out	0x3f, r18	; 63
    2714:	2f 91       	pop	r18
    2716:	18 95       	reti

00002718 <__vector_14>:
    2718:	8f 93       	push	r24
    271a:	8f b7       	in	r24, 0x3f	; 63
    271c:	8f 93       	push	r24
    271e:	9f 93       	push	r25
    2720:	ef 93       	push	r30
    2722:	ff 93       	push	r31
    2724:	90 91 2e 02 	lds	r25, 0x022E	; 0x80022e <UART_u8TxTail>
    2728:	80 91 2f 02 	lds	r24, 0x022F	; 0x80022f <UART_u8TxHead>
    272c:	98 17       	cp	r25, r24
    272e:	a1 f0       	breq	.+40     	; 0x2758 <.L29>
    2730:	e0 91 2e 02 	lds	r30, 0x022E	; 0x80022e <UART_u8TxTail>
    2734:	f0 e0       	ldi	r31, 0x00	; 0
    2736:	e0 5d       	subi	r30, 0xD0	; 208
    2738:	fd 4f       	sbci	r31, 0xFD	; 253
    273a:	80 81       	ld	r24, Z
    273c:	8c b9       	out	0x0c, r24	; 12
    273e:	80 91 2e 02 	lds	r24, 0x022E	; 0x80022e <UART_u8TxTail>
    2742:	8f 5f       	subi	r24, 0xFF	; 255
    2744:	8f 71       	andi	r24, 0x1F	; 31
    2746:	80 93 2e 02 	sts	0x022E, r24	; 0x80022e <UART_u8TxTail>

0000274a <.L28>:
    274a:	ff 91       	pop	r31
    274c:	ef 91       	pop	r30
    274e:	9f 91       	pop	r25
    2750:	8f 91       	pop	r24
    2752:	8f bf       	out	0x3f, r24	; 63
    2754:	8f 91       	pop	r24
    2756:	18 95       	reti

00002758 <.L29>:
    2758:	55 98       	cbi	0x0a, 5	; 10
    275a:	f7 cf       	rjmp	.-18     	; 0x274a <.L28>

0000275c <main>:
    275c:	cd b7       	in	r28, 0x3d	; 61
    275e:	de b7       	in	r29, 0x3e	; 62
    2760:	2e 97       	sbiw	r28, 0x0e	; 14
    2762:	0f b6       	in	r0, 0x3f	; 63
    2764:	f8 94       	cli
    2766:	de bf       	out	0x3e, r29	; 62
    2768:	0f be       	out	0x3f, r0	; 63
    276a:	cd bf       	out	0x3d, r28	; 61
    276c:	80 e4       	ldi	r24, 0x40	; 64
    276e:	89 83       	std	Y+1, r24	; 0x01
    2770:	1a 82       	std	Y+2, r1	; 0x02
    2772:	1b 82       	std	Y+3, r1	; 0x03
    2774:	1c 82       	std	Y+4, r1	; 0x04
    2776:	86 e0       	ldi	r24, 0x06	; 6
    2778:	8d 83       	std	Y+5, r24	; 0x05
    277a:	1e 82       	std	Y+6, r1	; 0x06
    277c:	1f 82       	std	Y+7, r1	; 0x07
    277e:	18 86       	std	Y+8, r1	; 0x08
    2780:	19 86       	std	Y+9, r1	; 0x09
    2782:	1a 86       	std	Y+10, r1	; 0x0a
    2784:	1b 86       	std	Y+11, r1	; 0x0b
    2786:	1c 86       	std	Y+12, r1	; 0x0c
    2788:	80 e8       	ldi	r24, 0x80	; 128
    278a:	8d 87       	std	Y+13, r24	; 0x0d
    278c:	1e 86       	std	Y+14, r1	; 0x0e
    278e:	ce 01       	movw	r24, r28
    2790:	01 96       	adiw	r24, 0x01	; 1
    2792:	0e 94 a9 0d 	call	0x1b52	; 0x1b52 <ADC_Init>
    2796:	0e 94 61 07 	call	0xec2	; 0xec2 <CFG_Init>
    279a:	0e 94 ae 01 	call	0x35c	; 0x35c <LOG_Init>
    279e:	0e 94 5e 00 	call	0xbc	; 0xbc <ALARM_Init>
    27a2:	0e 94 cb 00 	call	0x196	; 0x196 <AUTH_Init>
    27a6:	0e 94 3c 02 	call	0x478	; 0x478 <ModeCtrl_Init>
    27aa:	0e 94 c9 08 	call	0x1192	; 0x1192 <KPD_Init>
    27ae:	0e 94 e2 09 	call	0x13c4	; 0x13c4 <LCD_Init>
    27b2:	81 11       	cpse	r24, r1
    27b4:	37 c0       	rjmp	.+110    	; 0x2824 <.L8>

000027b6 <.L2>:
    27b6:	0e 94 e2 03 	call	0x7c4	; 0x7c4 <RTM_Init>
    27ba:	0e 94 8f 06 	call	0xd1e	; 0xd1e <SM_Init>
    27be:	0e 94 b7 10 	call	0x216e	; 0x216e <GIE_Enable>
    27c2:	80 e0       	ldi	r24, 0x00	; 0
    27c4:	90 e0       	ldi	r25, 0x00	; 0
    27c6:	0e 94 ce 01 	call	0x39c	; 0x39c <LOG_Event>
    27ca:	42 e3       	ldi	r20, 0x32	; 50
    27cc:	50 e0       	ldi	r21, 0x00	; 0
    27ce:	60 e0       	ldi	r22, 0x00	; 0
    27d0:	70 e0       	ldi	r23, 0x00	; 0
    27d2:	86 ea       	ldi	r24, 0xA6	; 166
    27d4:	96 e0       	ldi	r25, 0x06	; 6
    27d6:	0e 94 f1 05 	call	0xbe2	; 0xbe2 <SCHED_RegisterTask>
    27da:	4c e2       	ldi	r20, 0x2C	; 44
    27dc:	51 e0       	ldi	r21, 0x01	; 1
    27de:	60 e0       	ldi	r22, 0x00	; 0
    27e0:	70 e0       	ldi	r23, 0x00	; 0
    27e2:	8a e1       	ldi	r24, 0x1A	; 26
    27e4:	94 e0       	ldi	r25, 0x04	; 4
    27e6:	0e 94 f1 05 	call	0xbe2	; 0xbe2 <SCHED_RegisterTask>
    27ea:	4e ee       	ldi	r20, 0xEE	; 238
    27ec:	52 e0       	ldi	r21, 0x02	; 2
    27ee:	60 e0       	ldi	r22, 0x00	; 0
    27f0:	70 e0       	ldi	r23, 0x00	; 0
    27f2:	89 e1       	ldi	r24, 0x19	; 25
    27f4:	93 e0       	ldi	r25, 0x03	; 3
    27f6:	0e 94 f1 05 	call	0xbe2	; 0xbe2 <SCHED_RegisterTask>
    27fa:	48 ee       	ldi	r20, 0xE8	; 232
    27fc:	53 e0       	ldi	r21, 0x03	; 3
    27fe:	60 e0       	ldi	r22, 0x00	; 0
    2800:	70 e0       	ldi	r23, 0x00	; 0
    2802:	8d ea       	ldi	r24, 0xAD	; 173
    2804:	90 e0       	ldi	r25, 0x00	; 0
    2806:	0e 94 f1 05 	call	0xbe2	; 0xbe2 <SCHED_RegisterTask>
    280a:	48 ee       	ldi	r20, 0xE8	; 232
    280c:	53 e0       	ldi	r21, 0x03	; 3
    280e:	60 e0       	ldi	r22, 0x00	; 0
    2810:	70 e0       	ldi	r23, 0x00	; 0
    2812:	84 ef       	ldi	r24, 0xF4	; 244
    2814:	94 e0       	ldi	r25, 0x04	; 4
    2816:	0e 94 f1 05 	call	0xbe2	; 0xbe2 <SCHED_RegisterTask>
    281a:	0e 94 79 05 	call	0xaf2	; 0xaf2 <SCHED_Init>

0000281e <.L3>:
    281e:	0e 94 24 06 	call	0xc48	; 0xc48 <SCHED_MainFunction>
    2822:	fd cf       	rjmp	.-6      	; 0x281e <.L3>

00002824 <.L8>:
    2824:	80 e0       	ldi	r24, 0x00	; 0
    2826:	90 e0       	ldi	r25, 0x00	; 0
    2828:	0e 94 ce 01 	call	0x39c	; 0x39c <LOG_Event>
    282c:	c4 cf       	rjmp	.-120    	; 0x27b6 <.L2>

0000282e <__umulhisi3>:
    282e:	a2 9f       	mul	r26, r18

00002830 <.Loc.1>:
    2830:	b0 01       	movw	r22, r0

00002832 <.Loc.2>:
    2832:	b3 9f       	mul	r27, r19

00002834 <.Loc.3>:
    2834:	c0 01       	movw	r24, r0

00002836 <.Loc.4>:
    2836:	a3 9f       	mul	r26, r19

00002838 <.Loc.5>:
    2838:	70 0d       	add	r23, r0

0000283a <.Loc.6>:
    283a:	81 1d       	adc	r24, r1

0000283c <.Loc.7>:
    283c:	11 24       	eor	r1, r1

0000283e <.Loc.8>:
    283e:	91 1d       	adc	r25, r1

00002840 <.Loc.9>:
    2840:	b2 9f       	mul	r27, r18

00002842 <.Loc.10>:
    2842:	70 0d       	add	r23, r0

00002844 <.Loc.11>:
    2844:	81 1d       	adc	r24, r1

00002846 <.Loc.12>:
    2846:	11 24       	eor	r1, r1

00002848 <.Loc.13>:
    2848:	91 1d       	adc	r25, r1

0000284a <.Loc.14>:
    284a:	08 95       	ret

0000284c <__udivmodsi4>:
    284c:	a1 e2       	ldi	r26, 0x21	; 33

0000284e <.Loc.1>:
    284e:	1a 2e       	mov	r1, r26

00002850 <.Loc.2>:
    2850:	aa 1b       	sub	r26, r26

00002852 <.Loc.3>:
    2852:	bb 1b       	sub	r27, r27

00002854 <.Loc.4>:
    2854:	fd 01       	movw	r30, r26

00002856 <.Loc.5>:
    2856:	0d c0       	rjmp	.+26     	; 0x2872 <__udivmodsi4_ep>

00002858 <__udivmodsi4_loop>:
    2858:	aa 1f       	adc	r26, r26

0000285a <.Loc.7>:
    285a:	bb 1f       	adc	r27, r27

0000285c <.Loc.8>:
    285c:	ee 1f       	adc	r30, r30

0000285e <.Loc.9>:
    285e:	ff 1f       	adc	r31, r31

00002860 <.Loc.10>:
    2860:	a2 17       	cp	r26, r18

00002862 <.Loc.11>:
    2862:	b3 07       	cpc	r27, r19

00002864 <.Loc.12>:
    2864:	e4 07       	cpc	r30, r20

00002866 <.Loc.13>:
    2866:	f5 07       	cpc	r31, r21

00002868 <.Loc.14>:
    2868:	20 f0       	brcs	.+8      	; 0x2872 <__udivmodsi4_ep>

0000286a <.Loc.15>:
    286a:	a2 1b       	sub	r26, r18

0000286c <.Loc.16>:
    286c:	b3 0b       	sbc	r27, r19

0000286e <.Loc.17>:
    286e:	e4 0b       	sbc	r30, r20

00002870 <.Loc.18>:
    2870:	f5 0b       	sbc	r31, r21

00002872 <__udivmodsi4_ep>:
    2872:	66 1f       	adc	r22, r22

00002874 <.Loc.20>:
    2874:	77 1f       	adc	r23, r23

00002876 <.Loc.21>:
    2876:	88 1f       	adc	r24, r24

00002878 <.Loc.22>:
    2878:	99 1f       	adc	r25, r25

0000287a <.Loc.23>:
    287a:	1a 94       	dec	r1

0000287c <.Loc.24>:
    287c:	69 f7       	brne	.-38     	; 0x2858 <__udivmodsi4_loop>

0000287e <.Loc.25>:
    287e:	60 95       	com	r22

00002880 <.Loc.26>:
    2880:	70 95       	com	r23

00002882 <.Loc.27>:
    2882:	80 95       	com	r24

00002884 <.Loc.28>:
    2884:	90 95       	com	r25

00002886 <.Loc.29>:
    2886:	9b 01       	movw	r18, r22

00002888 <.Loc.30>:
    2888:	ac 01       	movw	r20, r24

0000288a <.Loc.31>:
    288a:	bd 01       	movw	r22, r26

0000288c <.Loc.32>:
    288c:	cf 01       	movw	r24, r30

0000288e <.Loc.33>:
    288e:	08 95       	ret

00002890 <memset>:
    2890:	dc 01       	movw	r26, r24
    2892:	01 c0       	rjmp	.+2      	; 0x2896 <.L_memset_start>

00002894 <.L_memset_loop>:
    2894:	6d 93       	st	X+, r22

00002896 <.L_memset_start>:
    2896:	41 50       	subi	r20, 0x01	; 1
    2898:	50 40       	sbci	r21, 0x00	; 0
    289a:	e0 f7       	brcc	.-8      	; 0x2894 <.L_memset_loop>
    289c:	08 95       	ret

0000289e <_exit>:
    289e:	f8 94       	cli

000028a0 <__stop_program>:
    28a0:	ff cf       	rjmp	.-2      	; 0x28a0 <__stop_program>
